qseqid	sseqid	pident	length	mismatch	gapopen	qstart	qend	sstart	send	evalue	bitscore
nmdc:mga04781_15	nmdc:mga04781_2	97.6	8564	*	*	1	8565	5736	14300	*	*
nmdc:mga04781_3	nmdc:mga04781_15	95.8	6551	*	*	8865	15416	1	6552	*	*
nmdc:mga04781_64	nmdc:mga04781_3	96	5609	*	*	1	5610	2889	8498	*	*
nmdc:mga04781_120	nmdc:mga04781_1	99.9	4399	*	*	1	4400	239	4643	*	*
nmdc:mga04781_43	nmdc:mga04781_57	99.9	3789	*	*	140	3929	3	3792	*	*
nmdc:mga04781_183	nmdc:mga04781_2	98.8	3792	*	*	1	3793	2070	5862	*	*
nmdc:mga04781_57	nmdc:mga04781_68	95.3	3564	*	*	570	4134	1	3565	*	*
nmdc:mga04781_98	nmdc:mga04781_85	97.6	3313	*	*	1122	4435	1	3314	*	*
nmdc:mga04781_278	nmdc:mga04781_24	98	3251	*	*	1	3252	274	3525	*	*
nmdc:mga04781_99	nmdc:mga04781_86	97.2	3304	*	*	137	3441	1	3305	*	*
nmdc:mga04781_161	nmdc:mga04781_40	95	3208	*	*	1	3209	1439	4647	*	*
nmdc:mga04781_200	nmdc:mga04781_46	97.2	3243	*	*	1	3244	947	4190	*	*
nmdc:mga04781_218	nmdc:mga04781_22	97.5	3037	*	*	1	3038	2603	5640	*	*
nmdc:mga04781_114	nmdc:mga04781_91	98.4	3147	*	*	1303	4450	1	3148	*	*
nmdc:mga04781_7	nmdc:mga04781_106	98.5	2897	*	*	6104	9001	1	2898	*	*
nmdc:mga04781_42	nmdc:mga04781_109	98.9	2861	*	*	2228	5089	1	2862	*	*
nmdc:mga04781_222	nmdc:mga04781_63	95.7	3026	*	*	539	3565	1	3027	*	*
nmdc:mga04781_83	nmdc:mga04781_31	95.8	2852	*	*	2100	4952	1	2853	*	*
nmdc:mga04781_429	nmdc:mga04781_1	98.8	2842	*	*	1	2843	11454	14296	*	*
nmdc:mga04781_26	nmdc:mga04781_97	97.2	2823	*	*	4	2827	208	3031	*	*
nmdc:mga04781_343	nmdc:mga04781_95	98.2	2724	*	*	325	3049	1	2725	*	*
nmdc:mga04781_473	nmdc:mga04781_117	95.5	2753	*	*	1	2754	29	2782	*	*
nmdc:mga04781_639	nmdc:mga04781_29	99.2	2472	*	*	1	2473	992	3464	*	*
nmdc:mga04781_648	nmdc:mga04781_88	96.7	2461	*	*	1	2462	549	3010	*	*
nmdc:mga04781_107	nmdc:mga04781_31	96	2403	*	*	1	2404	2727	5130	*	*
nmdc:mga04781_80	nmdc:mga04781_92	98.5	2861	*	*	2169	5030	1	2863	*	*
nmdc:mga04781_78	nmdc:mga04781_180	95.8	2334	*	*	1630	3964	1	2335	*	*
nmdc:mga04781_107	nmdc:mga04781_122	95.3	2376	*	*	2305	4681	1	2377	*	*
nmdc:mga04781_33	nmdc:mga04781_141	95.1	2296	*	*	1	2297	295	2591	*	*
nmdc:mga04781_677	nmdc:mga04781_82	99.3	2227	*	*	1	2228	1124	3351	*	*
nmdc:mga04781_716	nmdc:mga04781_9	96.9	2370	*	*	1	2371	2181	4551	*	*
nmdc:mga04781_137	nmdc:mga04781_165	99.4	2397	*	*	1791	4188	1	2398	*	*
nmdc:mga04781_756	nmdc:mga04781_73	95.4	2151	*	*	1	2152	1254	3405	*	*
nmdc:mga04781_379	nmdc:mga04781_102	97.5	2247	*	*	689	2936	1	2248	*	*
nmdc:mga04781_964	nmdc:mga04781_5	98.8	2145	*	*	1	2146	3629	5774	*	*
nmdc:mga04781_925	nmdc:mga04781_62	98	2178	*	*	1	2179	1312	3490	*	*
nmdc:mga04781_167	nmdc:mga04781_155	97.6	2257	*	*	1682	3939	1	2257	*	*
nmdc:mga04781_1052	nmdc:mga04781_10	99.6	2078	*	*	3	2081	3636	5714	*	*
nmdc:mga04781_1146	nmdc:mga04781_120	100	2021	*	*	1	2022	641	2662	*	*
nmdc:mga04781_1128	nmdc:mga04781_227	96.4	2007	*	*	1	2008	90	2097	*	*
nmdc:mga04781_100	nmdc:mga04781_265	95.6	1950	*	*	1038	2988	1	1951	*	*
nmdc:mga04781_11	nmdc:mga04781_270	95.8	1919	*	*	4605	6524	1	1920	*	*
nmdc:mga04781_91	nmdc:mga04781_87	99.4	1896	*	*	1	1897	1375	3271	*	*
nmdc:mga04781_811	nmdc:mga04781_118	95.6	1943	*	*	335	2278	1	1944	*	*
nmdc:mga04781_717	nmdc:mga04781_237	96.5	1880	*	*	489	2369	1	1881	*	*
nmdc:mga04781_871	nmdc:mga04781_163	95.8	1903	*	*	1	1904	506	2409	*	*
nmdc:mga04781_946	nmdc:mga04781_293	95.3	1858	*	*	2	1860	9	1867	*	*
nmdc:mga04781_142	nmdc:mga04781_302	96.2	1839	*	*	2069	3908	1	1840	*	*
nmdc:mga04781_1669	nmdc:mga04781_250	98.6	1767	*	*	1	1768	148	1915	*	*
nmdc:mga04781_417	nmdc:mga04781_271	98.2	1790	*	*	1076	2866	3	1793	*	*
nmdc:mga04781_1680	nmdc:mga04781_6	95.3	1749	*	*	17	1766	42	1791	*	*
nmdc:mga04781_1709	nmdc:mga04781_175	95.8	1755	*	*	1	1756	374	2129	*	*
nmdc:mga04781_366	nmdc:mga04781_139	95.7	1733	*	*	1	1734	865	2598	*	*
nmdc:mga04781_1716	nmdc:mga04781_1	96.9	1730	*	*	25	1755	4541	6271	*	*
nmdc:mga04781_1643	nmdc:mga04781_258	96.1	1712	*	*	1	1713	260	1972	*	*
nmdc:mga04781_1378	nmdc:mga04781_273	97.8	1770	*	*	1	1771	142	1912	*	*
nmdc:mga04781_41	nmdc:mga04781_352	97.9	1725	*	*	4088	5813	1	1726	*	*
nmdc:mga04781_475	nmdc:mga04781_345	95.5	1738	*	*	274	2012	1	1739	*	*
nmdc:mga04781_1236	nmdc:mga04781_325	95.8	1685	*	*	6	1691	114	1799	*	*
nmdc:mga04781_2062	nmdc:mga04781_35	99.7	1656	*	*	1	1657	870	2526	*	*
nmdc:mga04781_1145	nmdc:mga04781_151	99.3	1696	*	*	327	2023	1	1697	*	*
nmdc:mga04781_7	nmdc:mga04781_403	99.6	1619	*	*	30	1649	1	1620	*	*
nmdc:mga04781_1936	nmdc:mga04781_77	95.5	1689	*	*	1	1690	843	2532	*	*
nmdc:mga04781_119	nmdc:mga04781_406	95.1	1617	*	*	2152	3769	1	1618	*	*
nmdc:mga04781_1959	nmdc:mga04781_12	97.9	1602	*	*	83	1685	1	1603	*	*
nmdc:mga04781_1524	nmdc:mga04781_287	96.6	1657	*	*	172	1829	1	1658	*	*
nmdc:mga04781_2284	nmdc:mga04781_16	97.8	1602	*	*	1	1603	1871	3473	*	*
nmdc:mga04781_84	nmdc:mga04781_414	96.8	1608	*	*	1001	2609	3	1611	*	*
nmdc:mga04781_2239	nmdc:mga04781_167	95.7	1609	*	*	4	1613	121	1730	*	*
nmdc:mga04781_1203	nmdc:mga04781_78	97.8	1758	*	*	1	1759	1606	3364	*	*
nmdc:mga04781_600	nmdc:mga04781_431	96.7	1564	*	*	977	2541	1	1565	*	*
nmdc:mga04781_1954	nmdc:mga04781_59	95.6	1685	*	*	1	1686	2041	3726	*	*
nmdc:mga04781_363	nmdc:mga04781_390	96.3	1658	*	*	72	1730	1	1659	*	*
nmdc:mga04781_2688	nmdc:mga04781_54	96.8	1514	*	*	1	1515	1384	2898	*	*
nmdc:mga04781_1567	nmdc:mga04781_114	99.2	1644	*	*	1	1645	1195	2839	*	*
nmdc:mga04781_518	nmdc:mga04781_388	98.9	1661	*	*	533	2194	1	1662	*	*
nmdc:mga04781_1010	nmdc:mga04781_87	99.7	1500	*	*	612	2112	1	1501	*	*
nmdc:mga04781_799	nmdc:mga04781_439	99.2	1571	*	*	144	1715	3	1574	*	*
nmdc:mga04781_2410	nmdc:mga04781_70	95.7	1573	*	*	1	1574	1	1574	*	*
nmdc:mga04781_2763	nmdc:mga04781_33	98	1498	*	*	1	1499	2591	4089	*	*
nmdc:mga04781_706	nmdc:mga04781_422	99.2	1599	*	*	657	2256	1	1601	*	*
nmdc:mga04781_1068	nmdc:mga04781_161	98.2	1484	*	*	587	2071	1	1485	*	*
nmdc:mga04781_2003	nmdc:mga04781_363	97.3	1456	*	*	1	1457	252	1708	*	*
nmdc:mga04781_3033	nmdc:mga04781_25	96.3	1450	*	*	1	1451	1768	3218	*	*
nmdc:mga04781_666	nmdc:mga04781_329	95.1	1499	*	*	1	1500	293	1792	*	*
nmdc:mga04781_596	nmdc:mga04781_575	96.6	1424	*	*	275	1699	1	1425	*	*
nmdc:mga04781_1306	nmdc:mga04781_546	96.1	1447	*	*	4	1451	1	1448	*	*
nmdc:mga04781_1475	nmdc:mga04781_581	99.4	1420	*	*	137	1557	1	1421	*	*
nmdc:mga04781_3059	nmdc:mga04781_50	98.4	1446	*	*	1	1447	220	1666	*	*
nmdc:mga04781_1529	nmdc:mga04781_598	97.6	1407	*	*	342	1749	1	1408	*	*
nmdc:mga04781_1418	nmdc:mga04781_158	97.8	1432	*	*	444	1876	1	1433	*	*
nmdc:mga04781_3319	nmdc:mga04781_73	96.2	1403	*	*	3	1406	39	1442	*	*
nmdc:mga04781_223	nmdc:mga04781_646	95	1369	*	*	1069	2438	1	1370	*	*
nmdc:mga04781_1575	nmdc:mga04781_490	99.8	1497	*	*	47	1544	1	1498	*	*
nmdc:mga04781_1577	nmdc:mga04781_274	98.6	1491	*	*	313	1804	1	1492	*	*
nmdc:mga04781_1155	nmdc:mga04781_89	96.4	1371	*	*	644	2015	1	1372	*	*
nmdc:mga04781_3460	nmdc:mga04781_79	98.7	1381	*	*	2	1383	1	1382	*	*
nmdc:mga04781_2310	nmdc:mga04781_226	99.4	1348	*	*	248	1596	1	1349	*	*
nmdc:mga04781_998	nmdc:mga04781_96	96.9	1439	*	*	682	2121	1	1440	*	*
nmdc:mga04781_3042	nmdc:mga04781_39	98.6	1449	*	*	1	1450	3098	4547	*	*
nmdc:mga04781_896	nmdc:mga04781_631	96.2	1378	*	*	717	2095	1	1379	*	*
nmdc:mga04781_3939	nmdc:mga04781_1	98.3	1322	*	*	1	1323	16053	17375	*	*
nmdc:mga04781_948	nmdc:mga04781_668	99.9	1359	*	*	470	1829	1	1360	*	*
nmdc:mga04781_3980	nmdc:mga04781_115	96.9	1318	*	*	1	1319	1038	2356	*	*
nmdc:mga04781_212	nmdc:mga04781_702	97.3	1337	*	*	73	1410	1	1338	*	*
nmdc:mga04781_2550	nmdc:mga04781_207	99.1	1468	*	*	74	1542	1	1469	*	*
nmdc:mga04781_628	nmdc:mga04781_650	97.5	1368	*	*	245	1613	1	1369	*	*
nmdc:mga04781_363	nmdc:mga04781_320	95.2	1373	*	*	1598	2971	1	1374	*	*
nmdc:mga04781_3530	nmdc:mga04781_494	95.6	1290	*	*	84	1374	1	1291	*	*
nmdc:mga04781_1941	nmdc:mga04781_688	95.8	1326	*	*	362	1688	5	1331	*	*
nmdc:mga04781_3541	nmdc:mga04781_111	95.4	1372	*	*	1	1373	1025	2395	*	*
nmdc:mga04781_103	nmdc:mga04781_743	97	1310	*	*	623	1933	1	1311	*	*
nmdc:mga04781_1717	nmdc:mga04781_706	95.3	1322	*	*	1	1323	15	1337	*	*
nmdc:mga04781_1582	nmdc:mga04781_693	97.8	1342	*	*	279	1621	1	1343	*	*
nmdc:mga04781_11	nmdc:mga04781_739	96.7	1311	*	*	8169	9480	1	1312	*	*
nmdc:mga04781_214	nmdc:mga04781_800	97.7	1273	*	*	1102	2375	1	1274	*	*
nmdc:mga04781_1304	nmdc:mga04781_636	99.6	1374	*	*	377	1751	1	1375	*	*
nmdc:mga04781_2585	nmdc:mga04781_748	96.9	1307	*	*	229	1536	1	1308	*	*
nmdc:mga04781_3318	nmdc:mga04781_145	99.8	1405	*	*	1	1406	1114	2519	*	*
nmdc:mga04781_33	nmdc:mga04781_826	96.9	1259	*	*	3981	5240	1	1260	*	*
nmdc:mga04781_52	nmdc:mga04781_810	99.8	1270	*	*	740	2010	1	1271	*	*
nmdc:mga04781_2984	nmdc:mga04781_554	98.4	1337	*	*	1	1338	104	1441	*	*
nmdc:mga04781_4182	nmdc:mga04781_14	99.6	1291	*	*	5	1296	3602	4893	*	*
nmdc:mga04781_284	nmdc:mga04781_854	96.2	1240	*	*	959	2199	1	1241	*	*
nmdc:mga04781_1372	nmdc:mga04781_907	97	1222	*	*	18	1240	1	1223	*	*
nmdc:mga04781_1598	nmdc:mga04781_698	95	1338	*	*	339	1677	1	1339	*	*
nmdc:mga04781_4715	nmdc:mga04781_37	95.5	1239	*	*	1	1240	852	2091	*	*
nmdc:mga04781_403	nmdc:mga04781_223	97.5	1298	*	*	1	1299	825	2123	*	*
nmdc:mga04781_4467	nmdc:mga04781_8	96.8	1263	*	*	1	1264	558	1821	*	*
nmdc:mga04781_4652	nmdc:mga04781_42	99.1	1245	*	*	1	1246	883	2128	*	*
nmdc:mga04781_1817	nmdc:mga04781_811	95	1269	*	*	280	1549	1	1270	*	*
nmdc:mga04781_5253	nmdc:mga04781_8	99.2	1190	*	*	1	1191	1695	2885	*	*
nmdc:mga04781_1011	nmdc:mga04781_714	96.9	1250	*	*	860	2110	1	1251	*	*
nmdc:mga04781_2	nmdc:mga04781_742	96.9	1310	*	*	3059	4369	1	1311	*	*
nmdc:mga04781_131	nmdc:mga04781_746	99.8	1308	*	*	962	2270	1	1309	*	*
nmdc:mga04781_749	nmdc:mga04781_885	97.4	1203	*	*	1	1204	28	1231	*	*
nmdc:mga04781_471	nmdc:mga04781_486	97.8	1491	*	*	1	1492	13	1504	*	*
nmdc:mga04781_3580	nmdc:mga04781_101	99.7	1366	*	*	1	1367	1536	2902	*	*
nmdc:mga04781_492	nmdc:mga04781_898	99.4	1227	*	*	631	1858	1	1228	*	*
nmdc:mga04781_4181	nmdc:mga04781_38	96.3	1295	*	*	1	1296	2747	4042	*	*
nmdc:mga04781_1834	nmdc:mga04781_793	98.5	1278	*	*	236	1514	1	1279	*	*
nmdc:mga04781_1039	nmdc:mga04781_444	97.2	1249	*	*	842	2091	1	1250	*	*
nmdc:mga04781_4341	nmdc:mga04781_169	96.1	1239	*	*	1	1240	228	1467	*	*
nmdc:mga04781_4539	nmdc:mga04781_18	98.4	1256	*	*	1	1257	1852	3108	*	*
nmdc:mga04781_4737	nmdc:mga04781_558	99.8	1180	*	*	58	1238	1	1181	*	*
nmdc:mga04781_2858	nmdc:mga04781_377	96.3	1362	*	*	1	1363	67	1430	*	*
nmdc:mga04781_5060	nmdc:mga04781_920	97.3	1178	*	*	29	1207	1	1179	*	*
nmdc:mga04781_5489	nmdc:mga04781_393	96.6	1167	*	*	1	1168	446	1613	*	*
nmdc:mga04781_5380	nmdc:mga04781_361	95.8	1179	*	*	1	1180	187	1366	*	*
nmdc:mga04781_911	nmdc:mga04781_1004	98.6	1175	*	*	83	1258	1	1176	*	*
nmdc:mga04781_5061	nmdc:mga04781_199	97.6	1206	*	*	1	1207	368	1574	*	*
nmdc:mga04781_5254	nmdc:mga04781_5	96.1	1190	*	*	1	1191	1575	2765	*	*
nmdc:mga04781_1072	nmdc:mga04781_334	95.3	1137	*	*	930	2067	1	1138	*	*
nmdc:mga04781_2903	nmdc:mga04781_957	98.4	1184	*	*	1	1185	14	1198	*	*
nmdc:mga04781_3836	nmdc:mga04781_443	99.1	1298	*	*	35	1333	1	1299	*	*
nmdc:mga04781_404	nmdc:mga04781_16	95.5	1387	*	*	1	1388	5144	6530	*	*
nmdc:mga04781_1466	nmdc:mga04781_437	98.5	1175	*	*	679	1854	1	1176	*	*
nmdc:mga04781_300	nmdc:mga04781_1019	95.1	1168	*	*	1036	2204	1	1169	*	*
nmdc:mga04781_1208	nmdc:mga04781_191	96.8	1117	*	*	871	1988	1	1118	*	*
nmdc:mga04781_1995	nmdc:mga04781_1081	98.7	1126	*	*	1	1127	18	1144	*	*
nmdc:mga04781_6400	nmdc:mga04781_12	96.5	1111	*	*	1	1112	1827	2938	*	*
nmdc:mga04781_5949	nmdc:mga04781_9	97.2	1140	*	*	1	1141	384	1524	*	*
nmdc:mga04781_4300	nmdc:mga04781_157	99.2	1283	*	*	1	1284	301	1578	*	*
nmdc:mga04781_4679	nmdc:mga04781_130	96.6	1242	*	*	1	1243	1284	2526	*	*
nmdc:mga04781_603	nmdc:mga04781_983	95.7	1184	*	*	474	1658	1	1185	*	*
nmdc:mga04781_2143	nmdc:mga04781_802	96.5	1272	*	*	292	1564	1	1273	*	*
nmdc:mga04781_2584	nmdc:mga04781_275	95.8	1142	*	*	394	1536	1	1143	*	*
nmdc:mga04781_1478	nmdc:mga04781_932	99.2	1238	*	*	403	1641	1	1202	*	*
nmdc:mga04781_1006	nmdc:mga04781_238	98.3	1122	*	*	992	2114	9	1131	*	*
nmdc:mga04781_6784	nmdc:mga04781_450	95.7	1088	*	*	1	1089	375	1463	*	*
nmdc:mga04781_27	nmdc:mga04781_1104	96.6	1137	*	*	272	1409	1	1138	*	*
nmdc:mga04781_5396	nmdc:mga04781_71	99.2	1178	*	*	1	1179	1913	3091	*	*
nmdc:mga04781_52	nmdc:mga04781_1188	99.1	1104	*	*	2434	3538	1	1105	*	*
nmdc:mga04781_281	nmdc:mga04781_1228	95.7	1092	*	*	1241	2333	1	1093	*	*
nmdc:mga04781_331	nmdc:mga04781_1065	97.1	1149	*	*	1049	2198	1	1150	*	*
nmdc:mga04781_1915	nmdc:mga04781_628	97.2	1339	*	*	302	1641	1	1340	*	*
nmdc:mga04781_2925	nmdc:mga04781_341	99.5	1196	*	*	8	1204	558	1754	*	*
nmdc:mga04781_418	nmdc:mga04781_784	97.1	1252	*	*	383	1635	1	1253	*	*
nmdc:mga04781_4425	nmdc:mga04781_1023	98.5	1123	*	*	1	1124	45	1168	*	*
nmdc:mga04781_5759	nmdc:mga04781_613	98.6	1125	*	*	29	1154	1	1126	*	*
nmdc:mga04781_1868	nmdc:mga04781_592	95	1409	*	*	226	1635	1	1410	*	*
nmdc:mga04781_443	nmdc:mga04781_1078	95.1	1144	*	*	137	1281	1	1145	*	*
nmdc:mga04781_11	nmdc:mga04781_1159	95.4	1093	*	*	1	1094	22	1115	*	*
nmdc:mga04781_4436	nmdc:mga04781_611	97	1249	*	*	1	1250	148	1397	*	*
nmdc:mga04781_4969	nmdc:mga04781_942	99.5	1076	*	*	122	1198	1	1077	*	*
nmdc:mga04781_3250	nmdc:mga04781_152	97.2	1137	*	*	1	1138	1363	2500	*	*
nmdc:mga04781_1515	nmdc:mga04781_919	98.8	1060	*	*	771	1831	1	1061	*	*
nmdc:mga04781_7313	nmdc:mga04781_65	98.6	1060	*	*	1	1061	2365	3425	*	*
nmdc:mga04781_7337	nmdc:mga04781_29	95.8	1059	*	*	1	1060	4118	5177	*	*
nmdc:mga04781_682	nmdc:mga04781_1252	99.4	1083	*	*	1224	2307	1	1084	*	*
nmdc:mga04781_5816	nmdc:mga04781_81	95.4	1149	*	*	1	1150	231	1380	*	*
nmdc:mga04781_1965	nmdc:mga04781_376	95.8	1097	*	*	1	1098	588	1685	*	*
nmdc:mga04781_5532	nmdc:mga04781_590	99.3	1079	*	*	90	1169	1	1080	*	*
nmdc:mga04781_148	nmdc:mga04781_226	98.2	3198	*	*	882	4080	1	2101	*	*
nmdc:mga04781_4936	nmdc:mga04781_225	96	1218	*	*	1	1219	80	1298	*	*
nmdc:mga04781_1544	nmdc:mga04781_1369	98.4	1048	*	*	532	1580	1	1049	*	*
nmdc:mga04781_641	nmdc:mga04781_1293	99.9	1072	*	*	583	1655	1	1073	*	*
nmdc:mga04781_7581	nmdc:mga04781_996	99.4	1046	*	*	1	1047	102	1148	*	*
nmdc:mga04781_401	nmdc:mga04781_54	99.9	1122	*	*	1	1123	2772	3894	*	*
nmdc:mga04781_713	nmdc:mga04781_1080	97.3	1143	*	*	707	1850	1	1144	*	*
nmdc:mga04781_804	nmdc:mga04781_923	95.3	1212	*	*	1052	2264	1	1213	*	*
nmdc:mga04781_7434	nmdc:mga04781_22	99.4	1054	*	*	1	1055	1675	2729	*	*
nmdc:mga04781_2337	nmdc:mga04781_1273	96	1077	*	*	445	1522	1	1078	*	*
nmdc:mga04781_824	nmdc:mga04781_1364	97.7	1049	*	*	309	1358	1	1050	*	*
nmdc:mga04781_6258	nmdc:mga04781_103	95.5	1121	*	*	1	1122	1500	2621	*	*
nmdc:mga04781_2877	nmdc:mga04781_400	96.9	1056	*	*	423	1479	1	1057	*	*
nmdc:mga04781_2548	nmdc:mga04781_351	98.8	1095	*	*	447	1542	1	1096	*	*
nmdc:mga04781_2693	nmdc:mga04781_1207	98.5	1049	*	*	1	1050	51	1100	*	*
nmdc:mga04781_7350	nmdc:mga04781_208	95.5	1058	*	*	1	1059	912	1970	*	*
nmdc:mga04781_1849	nmdc:mga04781_1281	98.1	1069	*	*	394	1463	1	1070	*	*
nmdc:mga04781_2583	nmdc:mga04781_1052	95.1	1101	*	*	1	1102	55	1156	*	*
nmdc:mga04781_26	nmdc:mga04781_1392	98.3	1040	*	*	6193	7233	1	1041	*	*
nmdc:mga04781_7715	nmdc:mga04781_245	99.9	1039	*	*	1	1040	605	1644	*	*
nmdc:mga04781_7146	nmdc:mga04781_313	99.2	1068	*	*	1	1069	326	1394	*	*
nmdc:mga04781_669	nmdc:mga04781_1386	99.2	1036	*	*	863	1899	1	1037	*	*
nmdc:mga04781_6625	nmdc:mga04781_264	96.9	1091	*	*	1	1092	516	1607	*	*
nmdc:mga04781_5531	nmdc:mga04781_1424	99	1033	*	*	17	1050	1	1034	*	*
nmdc:mga04781_7826	nmdc:mga04781_5	97	1033	*	*	1	1034	2639	3672	*	*
nmdc:mga04781_7907	nmdc:mga04781_1247	96.2	1017	*	*	13	1030	1	1018	*	*
nmdc:mga04781_1187	nmdc:mga04781_1540	97.1	1005	*	*	565	1570	1	1006	*	*
nmdc:mga04781_5424	nmdc:mga04781_834	97.5	1174	*	*	1	1175	79	1253	*	*
nmdc:mga04781_2193	nmdc:mga04781_330	99.3	1039	*	*	1	1040	751	1790	*	*
nmdc:mga04781_807	nmdc:mga04781_599	98.7	1017	*	*	1262	2279	1	1018	*	*
nmdc:mga04781_1745	nmdc:mga04781_1305	99.9	1068	*	*	150	1218	1	1069	*	*
nmdc:mga04781_4727	nmdc:mga04781_567	95.5	1141	*	*	1	1142	291	1432	*	*
nmdc:mga04781_6679	nmdc:mga04781_548	99.2	1094	*	*	1	1095	70	1164	*	*
nmdc:mga04781_2848	nmdc:mga04781_1311	97.2	1061	*	*	1	1062	3	1064	*	*
nmdc:mga04781_6877	nmdc:mga04781_1045	99.3	1077	*	*	1	1078	82	1159	*	*
nmdc:mga04781_2136	nmdc:mga04781_171	97.9	1038	*	*	598	1636	1	1039	*	*
nmdc:mga04781_474	nmdc:mga04781_1580	99.9	997	*	*	1438	2435	1	998	*	*
nmdc:mga04781_5	nmdc:mga04781_1514	99.8	1009	*	*	9368	10377	1	1010	*	*
nmdc:mga04781_7307	nmdc:mga04781_747	96.4	1060	*	*	1	1061	142	1202	*	*
nmdc:mga04781_1012	nmdc:mga04781_1546	98.7	1004	*	*	336	1340	1	1005	*	*
nmdc:mga04781_3248	nmdc:mga04781_690	95.3	1068	*	*	1	1069	273	1341	*	*
nmdc:mga04781_435	nmdc:mga04781_1602	99.5	992	*	*	1413	2405	1	993	*	*
nmdc:mga04781_609	nmdc:mga04781_1129	95.6	1124	*	*	353	1477	1	1126	*	*
nmdc:mga04781_934	nmdc:mga04781_1097	97.8	1138	*	*	916	2054	1	1139	*	*
nmdc:mga04781_5559	nmdc:mga04781_426	98	1044	*	*	123	1167	1	1045	*	*
nmdc:mga04781_3266	nmdc:mga04781_619	95.6	1186	*	*	227	1413	1	1187	*	*
nmdc:mga04781_8977	nmdc:mga04781_79	97.5	979	*	*	1	980	1232	2211	*	*
nmdc:mga04781_9263	nmdc:mga04781_197	96.8	967	*	*	1	968	227	1194	*	*
nmdc:mga04781_3476	nmdc:mga04781_513	95	994	*	*	1	995	484	1478	*	*
nmdc:mga04781_9234	nmdc:mga04781_11	95.2	968	*	*	1	969	5368	6336	*	*
nmdc:mga04781_449	nmdc:mga04781_473	99.4	962	*	*	1	963	562	1524	*	*
nmdc:mga04781_1568	nmdc:mga04781_1035	99.1	962	*	*	846	1808	1	963	*	*
nmdc:mga04781_7294	nmdc:mga04781_190	97.1	1061	*	*	1	1062	1154	2215	*	*
nmdc:mga04781_4571	nmdc:mga04781_1264	99.7	1000	*	*	253	1253	1	1001	*	*
nmdc:mga04781_8265	nmdc:mga04781_134	97.4	1011	*	*	1	1012	107	1118	*	*
nmdc:mga04781_3346	nmdc:mga04781_51	97.4	1272	*	*	129	1401	1	1273	*	*
nmdc:mga04781_6025	nmdc:mga04781_752	98.3	1052	*	*	1	1053	254	1306	*	*
nmdc:mga04781_2918	nmdc:mga04781_787	95.8	1271	*	*	1	1272	12	1283	*	*
nmdc:mga04781_8313	nmdc:mga04781_951	95.4	1007	*	*	3	1010	154	1161	*	*
nmdc:mga04781_2951	nmdc:mga04781_1538	99.3	1005	*	*	256	1261	1	1006	*	*
nmdc:mga04781_8403	nmdc:mga04781_836	96.2	971	*	*	1	972	282	1253	*	*
nmdc:mga04781_4591	nmdc:mga04781_905	97.8	1112	*	*	1	1113	113	1225	*	*
nmdc:mga04781_5080	nmdc:mga04781_863	99.3	958	*	*	1	959	280	1238	*	*
nmdc:mga04781_7739	nmdc:mga04781_111	96.7	1016	*	*	23	1039	1	1017	*	*
nmdc:mga04781_791	nmdc:mga04781_766	99.9	1295	*	*	432	1727	1	1296	*	*
nmdc:mga04781_8093	nmdc:mga04781_1179	99.4	990	*	*	1	991	118	1108	*	*
nmdc:mga04781_9500	nmdc:mga04781_112	98.8	956	*	*	1	957	543	1499	*	*
nmdc:mga04781_9286	nmdc:mga04781_488	96.1	964	*	*	1	965	503	1468	*	*
nmdc:mga04781_236	nmdc:mga04781_1276	98.9	1076	*	*	218	1294	1	1077	*	*
nmdc:mga04781_385	nmdc:mga04781_1527	99.4	1007	*	*	1134	2141	1	1008	*	*
nmdc:mga04781_381	nmdc:mga04781_1054	95.2	942	*	*	1986	2928	1	943	*	*
nmdc:mga04781_784	nmdc:mga04781_1861	96	942	*	*	822	1764	1	943	*	*
nmdc:mga04781_4129	nmdc:mga04781_1656	99.3	970	*	*	1	971	12	982	*	*
nmdc:mga04781_749	nmdc:mga04781_603	98.3	975	*	*	1362	2337	1	976	*	*
nmdc:mga04781_7149	nmdc:mga04781_776	99.4	936	*	*	1	937	356	1292	*	*
nmdc:mga04781_989	nmdc:mga04781_1577	99.1	997	*	*	392	1389	1	998	*	*
nmdc:mga04781_2	nmdc:mga04781_1914	96.8	933	*	*	10558	11491	1	934	*	*
nmdc:mga04781_1179	nmdc:mga04781_158	95.4	1209	*	*	1	1210	1236	2445	*	*
nmdc:mga04781_4033	nmdc:mga04781_1374	97.9	927	*	*	1	928	121	1048	*	*
nmdc:mga04781_3072	nmdc:mga04781_1258	98.3	964	*	*	1	965	117	1081	*	*
nmdc:mga04781_1875	nmdc:mga04781_493	99.1	950	*	*	755	1705	1	951	*	*
nmdc:mga04781_311	nmdc:mga04781_1593	97.3	994	*	*	1713	2707	1	995	*	*
nmdc:mga04781_7543	nmdc:mga04781_1213	100	969	*	*	1	970	129	1098	*	*
nmdc:mga04781_1307	nmdc:mga04781_36	98.8	922	*	*	1	923	4007	4929	*	*
nmdc:mga04781_9284	nmdc:mga04781_229	95.6	966	*	*	1	967	959	1925	*	*
nmdc:mga04781_2220	nmdc:mga04781_1839	96	947	*	*	443	1390	1	948	*	*
nmdc:mga04781_10140	nmdc:mga04781_14	99.3	932	*	*	1	933	4950	5882	*	*
nmdc:mga04781_8146	nmdc:mga04781_11	97.3	1013	*	*	1	1014	6046	7059	*	*
nmdc:mga04781_2564	nmdc:mga04781_794	99.6	1057	*	*	454	1511	1	1058	*	*
nmdc:mga04781_7070	nmdc:mga04781_1061	99.6	991	*	*	1	992	161	1152	*	*
nmdc:mga04781_14	nmdc:mga04781_127	99.1	2677	*	*	4055	6732	1	2707	*	*
nmdc:mga04781_2078	nmdc:mga04781_212	97.8	1051	*	*	1	1052	1136	2187	*	*
nmdc:mga04781_2839	nmdc:mga04781_458	98.1	947	*	*	540	1487	1	948	*	*
nmdc:mga04781_7663	nmdc:mga04781_533	99	1042	*	*	1	1043	401	1443	*	*
nmdc:mga04781_2651	nmdc:mga04781_1289	97.2	1037	*	*	1	1038	37	1074	*	*
nmdc:mga04781_682	nmdc:mga04781_878	97.1	1037	*	*	1	1038	196	1233	*	*
nmdc:mga04781_2630	nmdc:mga04781_1274	97.8	964	*	*	1	965	112	1076	*	*
nmdc:mga04781_9612	nmdc:mga04781_16	95.7	952	*	*	1	953	3347	4299	*	*
nmdc:mga04781_138	nmdc:mga04781_1638	99.1	984	*	*	2712	3696	1	985	*	*
nmdc:mga04781_962	nmdc:mga04781_101	97.5	2013	*	*	1	2014	967	2980	*	*
nmdc:mga04781_4103	nmdc:mga04781_1866	95.7	941	*	*	31	972	1	942	*	*
nmdc:mga04781_618	nmdc:mga04781_1544	95.5	1004	*	*	1469	2473	1	1005	*	*
nmdc:mga04781_9343	nmdc:mga04781_19	95.5	962	*	*	1	963	2273	3235	*	*
nmdc:mga04781_7500	nmdc:mga04781_1229	95	927	*	*	1	928	166	1093	*	*
nmdc:mga04781_2797	nmdc:mga04781_1827	96.2	949	*	*	382	1331	1	950	*	*
nmdc:mga04781_1587	nmdc:mga04781_819	99.4	937	*	*	1	938	328	1265	*	*
nmdc:mga04781_10704	nmdc:mga04781_131	95.3	911	*	*	1	912	152	1063	*	*
nmdc:mga04781_300	nmdc:mga04781_1559	95.7	1001	*	*	2114	3115	1	1002	*	*
nmdc:mga04781_3004	nmdc:mga04781_1906	95.2	934	*	*	233	1167	1	935	*	*
nmdc:mga04781_1299	nmdc:mga04781_1682	95.1	977	*	*	341	1318	1	978	*	*
nmdc:mga04781_8122	nmdc:mga04781_337	99.6	1012	*	*	4	1016	408	1420	*	*
nmdc:mga04781_680	nmdc:mga04781_1971	99.2	920	*	*	718	1638	1	921	*	*
nmdc:mga04781_11	nmdc:mga04781_2051	95.9	907	*	*	2832	3739	1	908	*	*
nmdc:mga04781_9736	nmdc:mga04781_481	97.5	907	*	*	1	908	606	1513	*	*
nmdc:mga04781_10521	nmdc:mga04781_8	96.5	918	*	*	1	919	3401	4319	*	*
nmdc:mga04781_11276	nmdc:mga04781_221	96.3	892	*	*	1	893	1054	1946	*	*
nmdc:mga04781_4020	nmdc:mga04781_659	95.6	983	*	*	332	1315	57	1040	*	*
nmdc:mga04781_2513	nmdc:mga04781_1565	97.1	970	*	*	29	999	1	1001	*	*
nmdc:mga04781_3219	nmdc:mga04781_837	98.5	904	*	*	516	1420	1	905	*	*
nmdc:mga04781_14	nmdc:mga04781_427	96.7	1299	*	*	1	1300	290	1589	*	*
nmdc:mga04781_4468	nmdc:mga04781_849	98.5	890	*	*	374	1264	1	891	*	*
nmdc:mga04781_10273	nmdc:mga04781_9	99.2	927	*	*	1	928	4450	5377	*	*
nmdc:mga04781_4766	nmdc:mga04781_1555	99.5	1002	*	*	187	1189	1	1003	*	*
nmdc:mga04781_417	nmdc:mga04781_2112	98.9	896	*	*	142	1038	1	897	*	*
nmdc:mga04781_581	nmdc:mga04781_1329	96.6	952	*	*	1	953	108	1060	*	*
nmdc:mga04781_8567	nmdc:mga04781_178	95.2	995	*	*	1	996	362	1357	*	*
nmdc:mga04781_3256	nmdc:mga04781_852	99.5	999	*	*	1	1000	242	1241	*	*
nmdc:mga04781_1335	nmdc:mga04781_1469	98.2	1021	*	*	875	1896	1	1022	*	*
nmdc:mga04781_1654	nmdc:mga04781_1215	97.8	912	*	*	863	1775	1	913	*	*
nmdc:mga04781_11418	nmdc:mga04781_132	98.9	888	*	*	1	889	855	1743	*	*
nmdc:mga04781_2599	nmdc:mga04781_116	95.4	926	*	*	1	927	1904	2830	*	*
nmdc:mga04781_452	nmdc:mga04781_1997	98.8	896	*	*	1869	2765	21	917	*	*
nmdc:mga04781_7587	nmdc:mga04781_511	99.4	1046	*	*	1	1047	210	1256	*	*
nmdc:mga04781_7068	nmdc:mga04781_244	95	1013	*	*	60	1073	1	1014	*	*
nmdc:mga04781_11454	nmdc:mga04781_330	99.7	887	*	*	1	888	7	894	*	*
nmdc:mga04781_1755	nmdc:mga04781_1217	97	880	*	*	861	1741	1	881	*	*
nmdc:mga04781_11484	nmdc:mga04781_360	99	886	*	*	1	887	32	918	*	*
nmdc:mga04781_12275	nmdc:mga04781_185	99.9	863	*	*	1	864	127	990	*	*
nmdc:mga04781_886	nmdc:mga04781_19	96.7	916	*	*	1	917	4845	5761	*	*
nmdc:mga04781_3388	nmdc:mga04781_827	99	911	*	*	1	912	348	1259	*	*
nmdc:mga04781_11990	nmdc:mga04781_99	95.4	871	*	*	1	872	796	1667	*	*
nmdc:mga04781_2367	nmdc:mga04781_1278	95.2	953	*	*	629	1582	1	954	*	*
nmdc:mga04781_6161	nmdc:mga04781_187	97.6	890	*	*	239	1129	1	891	*	*
nmdc:mga04781_11310	nmdc:mga04781_856	95.2	891	*	*	1	892	309	1200	*	*
nmdc:mga04781_131	nmdc:mga04781_2170	95.4	889	*	*	2963	3852	1	890	*	*
nmdc:mga04781_246	nmdc:mga04781_2030	98.5	910	*	*	307	1217	1	911	*	*
nmdc:mga04781_10897	nmdc:mga04781_191	95.1	904	*	*	1	905	1000	1904	*	*
nmdc:mga04781_118	nmdc:mga04781_2186	97.1	886	*	*	18	904	1	887	*	*
nmdc:mga04781_11057	nmdc:mga04781_1372	98.8	898	*	*	1	899	150	1048	*	*
nmdc:mga04781_6175	nmdc:mga04781_1103	99.2	950	*	*	1	951	188	1138	*	*
nmdc:mga04781_1174	nmdc:mga04781_2488	96.9	847	*	*	1058	1905	1	848	*	*
nmdc:mga04781_9344	nmdc:mga04781_18	98.1	962	*	*	1	963	4241	5203	*	*
nmdc:mga04781_3124	nmdc:mga04781_1132	96.7	883	*	*	1	884	242	1125	*	*
nmdc:mga04781_4032	nmdc:mga04781_2393	97.7	859	*	*	436	1295	1	860	*	*
nmdc:mga04781_619	nmdc:mga04781_471	96.3	845	*	*	1	846	682	1527	*	*
nmdc:mga04781_1929	nmdc:mga04781_148	97.9	1507	*	*	1	1508	1032	2539	*	*
nmdc:mga04781_10298	nmdc:mga04781_1702	99.6	889	*	*	38	927	1	890	*	*
nmdc:mga04781_2242	nmdc:mga04781_2335	97.8	853	*	*	759	1612	1	854	*	*
nmdc:mga04781_8421	nmdc:mga04781_530	95.2	1004	*	*	1	1005	143	1147	*	*
nmdc:mga04781_3101	nmdc:mga04781_2016	95.5	912	*	*	11	923	1	913	*	*
nmdc:mga04781_300	nmdc:mga04781_2257	96.6	876	*	*	167	1043	1	877	*	*
nmdc:mga04781_6398	nmdc:mga04781_150	100	890	*	*	1	891	1636	2526	*	*
nmdc:mga04781_10522	nmdc:mga04781_25	98.6	918	*	*	1	919	2902	3820	*	*
nmdc:mga04781_352	nmdc:mga04781_2008	95.4	913	*	*	1290	2203	1	914	*	*
nmdc:mga04781_2735	nmdc:mga04781_724	98.1	1243	*	*	1	1244	84	1327	*	*
nmdc:mga04781_13213	nmdc:mga04781_116	97.5	838	*	*	1	839	1192	2030	*	*
nmdc:mga04781_6102	nmdc:mga04781_1658	96.3	909	*	*	3	912	73	982	*	*
nmdc:mga04781_169	nmdc:mga04781_2005	96.4	914	*	*	2257	3171	1	915	*	*
nmdc:mga04781_493	nmdc:mga04781_198	97.4	834	*	*	1	835	1411	2245	*	*
nmdc:mga04781_4368	nmdc:mga04781_1934	99.9	925	*	*	272	1197	4	929	*	*
nmdc:mga04781_33	nmdc:mga04781_1410	97.1	1037	*	*	5142	6179	1	1038	*	*
nmdc:mga04781_2034	nmdc:mga04781_1462	99.3	1226	*	*	12	1238	1	1023	*	*
nmdc:mga04781_6565	nmdc:mga04781_615	99.8	955	*	*	1	956	435	1390	*	*
nmdc:mga04781_5929	nmdc:mga04781_583	96.4	920	*	*	221	1141	1	921	*	*
nmdc:mga04781_12512	nmdc:mga04781_170	97.7	856	*	*	1	857	1076	1932	*	*
nmdc:mga04781_11713	nmdc:mga04781_159	97.9	879	*	*	1	880	1491	2370	*	*
nmdc:mga04781_10849	nmdc:mga04781_299	96.3	905	*	*	1	906	607	1512	*	*
nmdc:mga04781_9737	nmdc:mga04781_843	99.4	879	*	*	1	880	370	1249	*	*
nmdc:mga04781_9551	nmdc:mga04781_2427	99.4	853	*	*	35	888	1	854	*	*
nmdc:mga04781_1683	nmdc:mga04781_1497	100	1013	*	*	580	1593	1	1014	*	*
nmdc:mga04781_2496	nmdc:mga04781_1654	95.5	981	*	*	196	1177	1	982	*	*
nmdc:mga04781_628	nmdc:mga04781_1930	98.1	929	*	*	1491	2420	1	930	*	*
nmdc:mga04781_1369	nmdc:mga04781_1695	98.5	975	*	*	606	1581	1	976	*	*
nmdc:mga04781_4675	nmdc:mga04781_2073	95.7	901	*	*	209	1110	3	904	*	*
nmdc:mga04781_4295	nmdc:mga04781_1135	99.5	960	*	*	324	1284	1	961	*	*
nmdc:mga04781_1210	nmdc:mga04781_658	95.8	867	*	*	1	868	499	1366	*	*
nmdc:mga04781_13212	nmdc:mga04781_409	95.6	838	*	*	1	839	392	1230	*	*
nmdc:mga04781_3518	nmdc:mga04781_2136	99.9	893	*	*	329	1222	1	894	*	*
nmdc:mga04781_6159	nmdc:mga04781_929	98.1	876	*	*	253	1129	1	877	*	*
nmdc:mga04781_372	nmdc:mga04781_2446	95	852	*	*	2009	2861	1	853	*	*
nmdc:mga04781_7545	nmdc:mga04781_484	99.2	972	*	*	77	1049	1	973	*	*
nmdc:mga04781_10549	nmdc:mga04781_2294	100	837	*	*	1	838	36	873	*	*
nmdc:mga04781_620	nmdc:mga04781_2089	99.4	900	*	*	1224	2124	1	901	*	*
nmdc:mga04781_1351	nmdc:mga04781_3	97	836	*	*	1	837	8915	9751	*	*
nmdc:mga04781_4211	nmdc:mga04781_1325	99.7	1008	*	*	284	1292	1	1009	*	*
nmdc:mga04781_10964	nmdc:mga04781_807	96.6	902	*	*	1	903	339	1241	*	*
nmdc:mga04781_1174	nmdc:mga04781_2305	99.9	871	*	*	109	980	1	872	*	*
nmdc:mga04781_9700	nmdc:mga04781_692	97.8	844	*	*	1	845	499	1343	*	*
nmdc:mga04781_5395	nmdc:mga04781_738	97.9	830	*	*	349	1179	1	831	*	*
nmdc:mga04781_993	nmdc:mga04781_674	99.2	1112	*	*	1014	2126	1	1113	*	*
nmdc:mga04781_1377	nmdc:mga04781_622	96	949	*	*	1	950	437	1386	*	*
nmdc:mga04781_3632	nmdc:mga04781_2043	98.1	859	*	*	1	860	50	909	*	*
nmdc:mga04781_12513	nmdc:mga04781_76	96.1	856	*	*	1	857	338	1194	*	*
nmdc:mga04781_938	nmdc:mga04781_280	95.1	1623	*	*	544	2167	8	1632	*	*
nmdc:mga04781_12191	nmdc:mga04781_39	98.8	865	*	*	1	866	246	1111	*	*
nmdc:mga04781_13139	nmdc:mga04781_27	98.2	840	*	*	1	841	461	1301	*	*
nmdc:mga04781_4065	nmdc:mga04781_2150	95.2	891	*	*	368	1259	1	892	*	*
nmdc:mga04781_6454	nmdc:mga04781_2313	98.4	848	*	*	260	1108	1	849	*	*
nmdc:mga04781_5528	nmdc:mga04781_1467	98.5	943	*	*	225	1168	1	944	*	*
nmdc:mga04781_600	nmdc:mga04781_316	98.8	1563	*	*	33	1596	253	1819	*	*
nmdc:mga04781_243	nmdc:mga04781_1880	95.6	939	*	*	876	1815	1	940	*	*
nmdc:mga04781_201	nmdc:mga04781_2517	95.7	844	*	*	2673	3517	1	845	*	*
nmdc:mga04781_6103	nmdc:mga04781_333	95.9	853	*	*	1	854	924	1777	*	*
nmdc:mga04781_13017	nmdc:mga04781_193	95	843	*	*	1	844	290	1133	*	*
nmdc:mga04781_6893	nmdc:mga04781_120	98.2	828	*	*	255	1083	1	829	*	*
nmdc:mga04781_14	nmdc:mga04781_427	96.9	287	*	*	6563	6850	1	289	*	*
nmdc:mga04781_727	nmdc:mga04781_2429	96.4	854	*	*	298	1152	1	855	*	*
nmdc:mga04781_118	nmdc:mga04781_2913	95.8	803	*	*	1741	2544	1	804	*	*
nmdc:mga04781_2312	nmdc:mga04781_1055	96	814	*	*	782	1596	1	815	*	*
nmdc:mga04781_232	nmdc:mga04781_2679	96.1	824	*	*	918	1742	1	825	*	*
nmdc:mga04781_3519	nmdc:mga04781_1	96.2	802	*	*	1	803	18464	19266	*	*
nmdc:mga04781_770	nmdc:mga04781_1449	95.8	1026	*	*	357	1383	1	1027	*	*
nmdc:mga04781_11265	nmdc:mga04781_600	99.7	892	*	*	1	893	320	1212	*	*
nmdc:mga04781_6512	nmdc:mga04781_520	96.7	1104	*	*	1	1105	98	1202	*	*
nmdc:mga04781_913	nmdc:mga04781_2147	95.4	892	*	*	562	1454	1	893	*	*
nmdc:mga04781_4662	nmdc:mga04781_1402	96.9	879	*	*	1	880	160	1039	*	*
nmdc:mga04781_332	nmdc:mga04781_680	97.7	794	*	*	1	795	556	1350	*	*
nmdc:mga04781_80	nmdc:mga04781_8	99	1688	*	*	1	1689	6439	8150	*	*
nmdc:mga04781_5096	nmdc:mga04781_139	96.6	1199	*	*	1	1200	865	2064	*	*
nmdc:mga04781_7432	nmdc:mga04781_1137	99.2	805	*	*	1	806	319	1124	*	*
nmdc:mga04781_5725	nmdc:mga04781_2423	100	843	*	*	313	1156	1	844	*	*
nmdc:mga04781_2	nmdc:mga04781_2391	96	859	*	*	2154	3013	1	860	*	*
nmdc:mga04781_14664	nmdc:mga04781_4	97.2	803	*	*	1	804	7999	8802	*	*
nmdc:mga04781_15173	nmdc:mga04781_333	96.9	792	*	*	1	793	258	1050	*	*
nmdc:mga04781_103	nmdc:mga04781_1485	99.9	1015	*	*	1777	2792	1	1016	*	*
nmdc:mga04781_14120	nmdc:mga04781_249	98.2	815	*	*	1	816	320	1135	*	*
nmdc:mga04781_7568	nmdc:mga04781_471	99.1	804	*	*	244	1048	4	808	*	*
nmdc:mga04781_13469	nmdc:mga04781_100	99.6	831	*	*	1	832	1862	2693	*	*
nmdc:mga04781_832	nmdc:mga04781_1936	95.2	928	*	*	1259	2187	1	929	*	*
nmdc:mga04781_2298	nmdc:mga04781_2557	97.4	839	*	*	307	1146	1	840	*	*
nmdc:mga04781_2541	nmdc:mga04781_1561	98.5	1000	*	*	89	1089	1	1001	*	*
nmdc:mga04781_13664	nmdc:mga04781_370	95.2	825	*	*	1	826	289	1114	*	*
nmdc:mga04781_6823	nmdc:mga04781_2645	98.8	828	*	*	197	1025	1	829	*	*
nmdc:mga04781_2473	nmdc:mga04781_859	98	850	*	*	707	1557	1	851	*	*
nmdc:mga04781_5286	nmdc:mga04781_1011	97.6	1119	*	*	1	1120	53	1171	*	*
nmdc:mga04781_10254	nmdc:mga04781_10	97.3	928	*	*	1	929	1377	2305	*	*
nmdc:mga04781_15556	nmdc:mga04781_43	95.1	784	*	*	1	785	3232	4016	*	*
nmdc:mga04781_13470	nmdc:mga04781_4	99.9	831	*	*	1	832	6430	7261	*	*
nmdc:mga04781_14977	nmdc:mga04781_25	100	796	*	*	1	797	394	1190	*	*
nmdc:mga04781_6786	nmdc:mga04781_1322	98.2	882	*	*	1	883	181	1063	*	*
nmdc:mga04781_14976	nmdc:mga04781_27	97.1	796	*	*	1	797	2302	3098	*	*
nmdc:mga04781_15030	nmdc:mga04781_174	96.3	795	*	*	1	796	1114	1909	*	*
nmdc:mga04781_4703	nmdc:mga04781_2241	95.4	876	*	*	209	1085	1	879	*	*
nmdc:mga04781_4925	nmdc:mga04781_115	96.6	1219	*	*	1	1220	133	1353	*	*
nmdc:mga04781_13138	nmdc:mga04781_1983	99.5	840	*	*	1	841	58	898	*	*
nmdc:mga04781_791	nmdc:mga04781_589	96.5	1411	*	*	316	1727	1	1413	*	*
nmdc:mga04781_638	nmdc:mga04781_1987	97	918	*	*	1545	2463	1	919	*	*
nmdc:mga04781_3151	nmdc:mga04781_1700	97.9	958	*	*	1	959	13	971	*	*
nmdc:mga04781_555	nmdc:mga04781_2769	98	816	*	*	1146	1962	1	817	*	*
nmdc:mga04781_2346	nmdc:mga04781_101	97.9	1117	*	*	470	1587	1	1118	*	*
nmdc:mga04781_3945	nmdc:mga04781_1556	96.1	856	*	*	466	1322	1	857	*	*
nmdc:mga04781_15850	nmdc:mga04781_366	99.1	778	*	*	1	779	432	1210	*	*
nmdc:mga04781_15852	nmdc:mga04781_652	95.1	778	*	*	1	779	488	1266	*	*
nmdc:mga04781_2289	nmdc:mga04781_2066	98.1	904	*	*	27	931	1	905	*	*
nmdc:mga04781_13497	nmdc:mga04781_1077	97.2	813	*	*	18	831	1	814	*	*
nmdc:mga04781_3612	nmdc:mga04781_2230	96.8	856	*	*	1	857	24	880	*	*
nmdc:mga04781_9450	nmdc:mga04781_317	98.9	806	*	*	153	959	1	807	*	*
nmdc:mga04781_597	nmdc:mga04781_2570	95.8	787	*	*	1759	2546	1	788	*	*
nmdc:mga04781_5606	nmdc:mga04781_614	97.5	922	*	*	1	923	468	1390	*	*
nmdc:mga04781_12701	nmdc:mga04781_1398	98.7	851	*	*	1	852	27	878	*	*
nmdc:mga04781_8637	nmdc:mga04781_1108	97.6	994	*	*	1	995	76	1070	*	*
nmdc:mga04781_13954	nmdc:mga04781_10	97.4	819	*	*	1	820	2179	2998	*	*
nmdc:mga04781_2902	nmdc:mga04781_2715	97.9	821	*	*	508	1329	1	822	*	*
nmdc:mga04781_118	nmdc:mga04781_240	97.9	825	*	*	3610	4435	28	853	*	*
nmdc:mga04781_2621	nmdc:mga04781_1073	98.3	979	*	*	1	980	168	1147	*	*
nmdc:mga04781_4453	nmdc:mga04781_94	99.4	773	*	*	493	1266	1	774	*	*
nmdc:mga04781_6474	nmdc:mga04781_1917	97	894	*	*	4	898	39	933	*	*
nmdc:mga04781_696	nmdc:mga04781_2516	99.8	844	*	*	905	1749	1	845	*	*
nmdc:mga04781_8514	nmdc:mga04781_1451	96.9	899	*	*	102	1001	1	900	*	*
nmdc:mga04781_5394	nmdc:mga04781_2425	95.8	852	*	*	77	929	1	853	*	*
nmdc:mga04781_15222	nmdc:mga04781_1145	96.1	791	*	*	1	792	281	1072	*	*
nmdc:mga04781_14122	nmdc:mga04781_16	99.8	815	*	*	1	816	935	1750	*	*
nmdc:mga04781_12588	nmdc:mga04781_703	95.4	776	*	*	79	855	1	777	*	*
nmdc:mga04781_16010	nmdc:mga04781_177	95.9	775	*	*	1	776	194	969	*	*
nmdc:mga04781_10039	nmdc:mga04781_2156	95.3	812	*	*	1	813	80	892	*	*
nmdc:mga04781_14045	nmdc:mga04781_108	98	813	*	*	5	818	1153	1966	*	*
nmdc:mga04781_723	nmdc:mga04781_489	96.1	859	*	*	2	861	641	1500	*	*
nmdc:mga04781_8454	nmdc:mga04781_2360	97.9	800	*	*	203	1003	4	804	*	*
nmdc:mga04781_899	nmdc:mga04781_1151	96.1	891	*	*	1	892	227	1118	*	*
nmdc:mga04781_13499	nmdc:mga04781_1302	96.9	825	*	*	1	826	138	963	*	*
nmdc:mga04781_1023	nmdc:mga04781_1492	96.7	813	*	*	1290	2103	1	814	*	*
nmdc:mga04781_15651	nmdc:mga04781_50	99.6	782	*	*	1	783	3133	3915	*	*
nmdc:mga04781_1105	nmdc:mga04781_2185	95.5	816	*	*	1234	2050	1	817	*	*
nmdc:mga04781_466	nmdc:mga04781_981	96.3	757	*	*	1	758	428	1185	*	*
nmdc:mga04781_1778	nmdc:mga04781_3261	95.9	768	*	*	264	1032	1	769	*	*
nmdc:mga04781_9460	nmdc:mga04781_3038	98.8	789	*	*	47	836	1	790	*	*
nmdc:mga04781_10547	nmdc:mga04781_277	99.7	917	*	*	1	918	972	1889	*	*
nmdc:mga04781_8075	nmdc:mga04781_1788	97.5	812	*	*	208	1020	1	813	*	*
nmdc:mga04781_12456	nmdc:mga04781_2039	98.2	858	*	*	1	859	29	887	*	*
nmdc:mga04781_12274	nmdc:mga04781_851	95.8	861	*	*	1	862	333	1194	*	*
nmdc:mga04781_4130	nmdc:mga04781_442	98	830	*	*	1	831	742	1571	*	*
nmdc:mga04781_13432	nmdc:mga04781_2747	99.5	807	*	*	1	808	13	820	*	*
nmdc:mga04781_3217	nmdc:mga04781_1833	97.5	948	*	*	281	1229	1	949	*	*
nmdc:mga04781_398	nmdc:mga04781_161	95	2027	*	*	872	2899	2	2030	*	*
nmdc:mga04781_2	nmdc:mga04781_3343	95.9	762	*	*	9599	10361	1	763	*	*
nmdc:mga04781_459	nmdc:mga04781_1844	96.5	944	*	*	276	1220	1	945	*	*
nmdc:mga04781_6513	nmdc:mga04781_3187	96.4	775	*	*	171	946	1	776	*	*
nmdc:mga04781_4207	nmdc:mga04781_2983	95.3	796	*	*	315	1111	1	797	*	*
nmdc:mga04781_994	nmdc:mga04781_3212	96.8	772	*	*	1248	2020	1	773	*	*
nmdc:mga04781_1572	nmdc:mga04781_3190	97.9	775	*	*	70	845	1	776	*	*
nmdc:mga04781_1667	nmdc:mga04781_2053	97.7	906	*	*	656	1562	1	907	*	*
nmdc:mga04781_10191	nmdc:mga04781_2592	98	827	*	*	1	828	8	835	*	*
nmdc:mga04781_14974	nmdc:mga04781_1003	97.4	796	*	*	1	797	253	1049	*	*
nmdc:mga04781_1684	nmdc:mga04781_2836	95.6	810	*	*	947	1757	1	811	*	*
nmdc:mga04781_1351	nmdc:mga04781_2103	99.9	778	*	*	1130	1908	1	773	*	*
nmdc:mga04781_1284	nmdc:mga04781_587	98.7	781	*	*	1159	1940	1	782	*	*
nmdc:mga04781_1209	nmdc:mga04781_1625	96.8	988	*	*	935	1923	1	988	*	*
nmdc:mga04781_17377	nmdc:mga04781_375	95.7	749	*	*	1	750	105	854	*	*
nmdc:mga04781_2488	nmdc:mga04781_1001	96.1	1176	*	*	302	1478	1	1177	*	*
nmdc:mga04781_17132	nmdc:mga04781_75	98.8	754	*	*	1	755	235	989	*	*
nmdc:mga04781_15799	nmdc:mga04781_1756	95.2	775	*	*	1	776	64	839	*	*
nmdc:mga04781_6600	nmdc:mga04781_1070	98	892	*	*	207	1099	1	893	*	*
nmdc:mga04781_16549	nmdc:mga04781_1	95.7	764	*	*	1	765	6275	7039	*	*
nmdc:mga04781_2744	nmdc:mga04781_1717	98.8	970	*	*	448	1418	1	971	*	*
nmdc:mga04781_9916	nmdc:mga04781_156	100	799	*	*	143	942	1	800	*	*
nmdc:mga04781_12738	nmdc:mga04781_3140	95.8	761	*	*	89	850	1	762	*	*
nmdc:mga04781_15367	nmdc:mga04781_1062	98.1	788	*	*	1	789	223	1011	*	*
nmdc:mga04781_6546	nmdc:mga04781_195	97.7	877	*	*	1	878	1397	2274	*	*
nmdc:mga04781_9550	nmdc:mga04781_3163	99.1	777	*	*	159	936	1	778	*	*
nmdc:mga04781_14419	nmdc:mga04781_1579	96.6	762	*	*	47	809	1	763	*	*
nmdc:mga04781_15608	nmdc:mga04781_2200	97.9	751	*	*	33	784	3	754	*	*
nmdc:mga04781_723	nmdc:mga04781_236	95.3	1932	*	*	1	1933	129	2063	*	*
nmdc:mga04781_11560	nmdc:mga04781_2174	97.9	737	*	*	147	884	1	738	*	*
nmdc:mga04781_4180	nmdc:mga04781_1618	97.8	895	*	*	401	1296	1	896	*	*
nmdc:mga04781_9672	nmdc:mga04781_1730	97.2	767	*	*	184	951	1	768	*	*
nmdc:mga04781_12485	nmdc:mga04781_1320	99.9	856	*	*	2	858	39	895	*	*
nmdc:mga04781_3229	nmdc:mga04781_848	98.6	816	*	*	602	1418	1	817	*	*
nmdc:mga04781_1282	nmdc:mga04781_2084	96.3	901	*	*	488	1389	1	902	*	*
nmdc:mga04781_4367	nmdc:mga04781_2957	99.7	797	*	*	155	952	1	798	*	*
nmdc:mga04781_8902	nmdc:mga04781_1500	97.1	894	*	*	1	895	119	1013	*	*
nmdc:mga04781_15902	nmdc:mga04781_1753	99.1	758	*	*	1	759	207	965	*	*
nmdc:mga04781_16106	nmdc:mga04781_413	98.8	773	*	*	1	774	823	1596	*	*
nmdc:mga04781_15554	nmdc:mga04781_1307	97.1	784	*	*	1	785	151	935	*	*
nmdc:mga04781_1525	nmdc:mga04781_3240	97.6	770	*	*	721	1491	1	771	*	*
nmdc:mga04781_1228	nmdc:mga04781_3049	97.7	788	*	*	459	1247	1	789	*	*
nmdc:mga04781_15610	nmdc:mga04781_1105	99.9	780	*	*	4	784	165	945	*	*
nmdc:mga04781_668	nmdc:mga04781_709	95.3	789	*	*	1	790	544	1333	*	*
nmdc:mga04781_4561	nmdc:mga04781_1938	98.9	883	*	*	1	884	46	929	*	*
nmdc:mga04781_2275	nmdc:mga04781_1211	99.4	855	*	*	1	856	243	1098	*	*
nmdc:mga04781_134	nmdc:mga04781_1733	100	967	*	*	2257	3224	1	968	*	*
nmdc:mga04781_2356	nmdc:mga04781_1460	99.9	1022	*	*	280	1302	1	1023	*	*
nmdc:mga04781_1462	nmdc:mga04781_1391	98.2	1037	*	*	449	1486	4	1041	*	*
nmdc:mga04781_18511	nmdc:mga04781_2782	95.3	729	*	*	1	730	21	750	*	*
nmdc:mga04781_288	nmdc:mga04781_3483	95.6	752	*	*	866	1618	1	753	*	*
nmdc:mga04781_9936	nmdc:mga04781_807	97.5	939	*	*	2	941	73	1012	*	*
nmdc:mga04781_911	nmdc:mga04781_1706	98.3	972	*	*	1152	2124	1	973	*	*
nmdc:mga04781_14783	nmdc:mga04781_1463	95.9	789	*	*	1	790	234	1023	*	*
nmdc:mga04781_14391	nmdc:mga04781_2126	95.9	753	*	*	56	809	1	754	*	*
nmdc:mga04781_15801	nmdc:mga04781_2274	95.5	779	*	*	1	780	9	788	*	*
nmdc:mga04781_2971	nmdc:mga04781_306	95.8	752	*	*	711	1463	1	753	*	*
nmdc:mga04781_2812	nmdc:mga04781_2390	99.3	859	*	*	475	1334	1	860	*	*
nmdc:mga04781_5932	nmdc:mga04781_2698	97.1	825	*	*	167	992	1	824	*	*
nmdc:mga04781_8718	nmdc:mga04781_252	99.4	741	*	*	250	991	1	742	*	*
nmdc:mga04781_4894	nmdc:mga04781_417	99.2	1006	*	*	217	1223	1	1007	*	*
nmdc:mga04781_15948	nmdc:mga04781_327	99.9	776	*	*	1	777	198	974	*	*
nmdc:mga04781_12763	nmdc:mga04781_1021	98.2	849	*	*	1	850	202	1051	*	*
nmdc:mga04781_14514	nmdc:mga04781_998	98.5	806	*	*	1	807	10	816	*	*
nmdc:mga04781_3173	nmdc:mga04781_1573	99	804	*	*	621	1425	1	805	*	*
nmdc:mga04781_11413	nmdc:mga04781_2478	95.1	745	*	*	144	889	1	746	*	*
nmdc:mga04781_3797	nmdc:mga04781_3012	99.1	792	*	*	137	929	1	793	*	*
nmdc:mga04781_2030	nmdc:mga04781_3568	98.5	745	*	*	185	930	1	746	*	*
nmdc:mga04781_13851	nmdc:mga04781_2924	97.2	791	*	*	31	822	1	792	*	*
nmdc:mga04781_2335	nmdc:mga04781_3578	96.2	744	*	*	456	1200	1	745	*	*
nmdc:mga04781_9116	nmdc:mga04781_3340	95	742	*	*	232	974	1	743	*	*
nmdc:mga04781_8813	nmdc:mga04781_102	97.1	772	*	*	1	773	2122	2894	*	*
nmdc:mga04781_18410	nmdc:mga04781_491	99	731	*	*	1	732	21	752	*	*
nmdc:mga04781_1431	nmdc:mga04781_308	98	731	*	*	1	732	1103	1834	*	*
nmdc:mga04781_6068	nmdc:mga04781_3220	100	773	*	*	123	896	1	772	*	*
nmdc:mga04781_4711	nmdc:mga04781_1709	97.6	783	*	*	457	1240	1	784	*	*
nmdc:mga04781_15454	nmdc:mga04781_113	97.6	757	*	*	30	787	1	758	*	*
nmdc:mga04781_2206	nmdc:mga04781_1966	99	807	*	*	813	1620	1	808	*	*
nmdc:mga04781_18629	nmdc:mga04781_13	95.4	727	*	*	1	728	5372	6099	*	*
nmdc:mga04781_16718	nmdc:mga04781_210	96.3	761	*	*	1	762	932	1693	*	*
nmdc:mga04781_169	nmdc:mga04781_441	96.8	742	*	*	1	743	830	1572	*	*
nmdc:mga04781_2153	nmdc:mga04781_2006	96.2	766	*	*	866	1632	1	767	*	*
nmdc:mga04781_18685	nmdc:mga04781_11	95.8	726	*	*	1	727	3796	4522	*	*
nmdc:mga04781_2289	nmdc:mga04781_35	97.9	769	*	*	833	1602	1	770	*	*
nmdc:mga04781_18682	nmdc:mga04781_289	97.4	726	*	*	1	727	672	1398	*	*
nmdc:mga04781_3298	nmdc:mga04781_2755	99.1	818	*	*	184	1002	1	819	*	*
nmdc:mga04781_8220	nmdc:mga04781_3245	98.8	770	*	*	81	851	1	771	*	*
nmdc:mga04781_930	nmdc:mga04781_3319	96.7	763	*	*	1324	2087	1	764	*	*
nmdc:mga04781_12263	nmdc:mga04781_2760	99.1	752	*	*	112	864	1	753	*	*
nmdc:mga04781_3387	nmdc:mga04781_74	96.2	751	*	*	1	752	2653	3404	*	*
nmdc:mga04781_11879	nmdc:mga04781_455	98	874	*	*	1	875	572	1446	*	*
nmdc:mga04781_18469	nmdc:mga04781_189	95.7	730	*	*	1	731	46	776	*	*
nmdc:mga04781_3321	nmdc:mga04781_2566	95.8	837	*	*	395	1232	1	838	*	*
nmdc:mga04781_9626	nmdc:mga04781_2770	96.1	749	*	*	1	750	68	817	*	*
nmdc:mga04781_1647	nmdc:mga04781_165	99	1606	*	*	1	1607	70	1738	*	*
nmdc:mga04781_1270	nmdc:mga04781_3857	96.9	724	*	*	1196	1920	1	725	*	*
nmdc:mga04781_19643	nmdc:mga04781_116	99.6	711	*	*	1	712	196	907	*	*
nmdc:mga04781_481	nmdc:mga04781_7	95.6	2710	*	*	34	2744	1213	3920	*	*
nmdc:mga04781_2279	nmdc:mga04781_1332	100	828	*	*	1	829	231	1059	*	*
nmdc:mga04781_19715	nmdc:mga04781_9	98.8	710	*	*	1	711	5251	5961	*	*
nmdc:mga04781_2851	nmdc:mga04781_2184	96.5	886	*	*	150	1036	1	887	*	*
nmdc:mga04781_3292	nmdc:mga04781_888	95.1	1106	*	*	1	1107	124	1230	*	*
nmdc:mga04781_3770	nmdc:mga04781_4105	98.4	708	*	*	44	752	1	709	*	*
nmdc:mga04781_4634	nmdc:mga04781_3233	97.2	771	*	*	326	1097	1	772	*	*
nmdc:mga04781_2433	nmdc:mga04781_3035	99.5	788	*	*	613	1401	1	789	*	*
nmdc:mga04781_1423	nmdc:mga04781_2364	95.3	770	*	*	1	771	94	864	*	*
nmdc:mga04781_6367	nmdc:mga04781_2741	97.3	819	*	*	60	879	1	820	*	*
nmdc:mga04781_15320	nmdc:mga04781_18	99.5	789	*	*	1	790	358	1147	*	*
nmdc:mga04781_4978	nmdc:mga04781_3043	98.5	789	*	*	108	897	1	790	*	*
nmdc:mga04781_12351	nmdc:mga04781_232	96.5	861	*	*	1	862	605	1466	*	*
nmdc:mga04781_16875	nmdc:mga04781_1603	97.9	758	*	*	1	759	121	879	*	*
nmdc:mga04781_2700	nmdc:mga04781_2198	99.4	765	*	*	1	766	119	884	*	*
nmdc:mga04781_442	nmdc:mga04781_384	97.2	771	*	*	27	798	898	1669	*	*
nmdc:mga04781_3384	nmdc:mga04781_1017	96.7	1168	*	*	6	1174	1	1169	*	*
nmdc:mga04781_3287	nmdc:mga04781_1612	97.8	989	*	*	216	1205	1	990	*	*
nmdc:mga04781_13638	nmdc:mga04781_460	97.1	826	*	*	1	827	685	1511	*	*
nmdc:mga04781_12740	nmdc:mga04781_2333	99.2	850	*	*	1	851	18	868	*	*
nmdc:mga04781_4113	nmdc:mga04781_2499	95.7	764	*	*	1	765	79	843	*	*
nmdc:mga04781_9117	nmdc:mga04781_3617	98.3	742	*	*	109	851	1	743	*	*
nmdc:mga04781_7627	nmdc:mga04781_2148	95	839	*	*	204	1043	1	841	*	*
nmdc:mga04781_14613	nmdc:mga04781_1810	96.6	804	*	*	1	805	151	955	*	*
nmdc:mga04781_15843	nmdc:mga04781_1589	99.8	778	*	*	1	779	139	917	*	*
nmdc:mga04781_4321	nmdc:mga04781_3145	95	778	*	*	225	1003	1	779	*	*
nmdc:mga04781_6475	nmdc:mga04781_3658	95.4	737	*	*	1	738	3	740	*	*
nmdc:mga04781_156	nmdc:mga04781_3833	96	725	*	*	1617	2342	1	726	*	*
nmdc:mga04781_16621	nmdc:mga04781_3433	100	745	*	*	1	746	11	756	*	*
nmdc:mga04781_1339	nmdc:mga04781_3255	97.5	769	*	*	560	1329	1	770	*	*
nmdc:mga04781_1917	nmdc:mga04781_3580	98.2	744	*	*	346	1090	1	745	*	*
nmdc:mga04781_3142	nmdc:mga04781_3486	95	751	*	*	356	1107	1	752	*	*
nmdc:mga04781_17876	nmdc:mga04781_4058	96.4	710	*	*	3	713	1	711	*	*
nmdc:mga04781_1802	nmdc:mga04781_3325	100	763	*	*	114	877	1	764	*	*
nmdc:mga04781_4547	nmdc:mga04781_3681	98.8	737	*	*	325	1062	1	738	*	*
nmdc:mga04781_114	nmdc:mga04781_3391	95.3	759	*	*	642	1401	1	760	*	*
nmdc:mga04781_19685	nmdc:mga04781_1620	99.1	710	*	*	1	711	60	770	*	*
nmdc:mga04781_1445	nmdc:mga04781_41	95.6	1860	*	*	3	1863	116	1976	*	*
nmdc:mga04781_46	nmdc:mga04781_3916	97	719	*	*	726	1445	1	720	*	*
nmdc:mga04781_1638	nmdc:mga04781_3910	99.7	720	*	*	270	990	1	721	*	*
nmdc:mga04781_2199	nmdc:mga04781_3232	97.8	771	*	*	827	1598	1	772	*	*
nmdc:mga04781_1537	nmdc:mga04781_2992	95	794	*	*	405	1199	1	795	*	*
nmdc:mga04781_17776	nmdc:mga04781_307	99.9	738	*	*	5	743	820	1558	*	*
nmdc:mga04781_3021	nmdc:mga04781_2575	98.9	833	*	*	208	1041	4	837	*	*
nmdc:mga04781_1394	nmdc:mga04781_1519	95.4	889	*	*	1	890	120	1009	*	*
nmdc:mga04781_8446	nmdc:mga04781_680	96.8	717	*	*	287	1004	1	718	*	*
nmdc:mga04781_5519	nmdc:mga04781_3964	97.4	717	*	*	404	1121	1	718	*	*
nmdc:mga04781_11952	nmdc:mga04781_1840	98.4	872	*	*	1	873	2	874	*	*
nmdc:mga04781_18191	nmdc:mga04781_70	99	732	*	*	1	733	1448	2180	*	*
nmdc:mga04781_6301	nmdc:mga04781_1205	99.1	693	*	*	1	694	408	1101	*	*
nmdc:mga04781_5530	nmdc:mga04781_2119	95.4	820	*	*	349	1169	1	821	*	*
nmdc:mga04781_12023	nmdc:mga04781_1236	95.8	870	*	*	1	871	167	1037	*	*
nmdc:mga04781_16438	nmdc:mga04781_773	95.1	766	*	*	1	767	420	1186	*	*
nmdc:mga04781_6678	nmdc:mga04781_1641	96.2	791	*	*	1	792	194	985	*	*
nmdc:mga04781_5620	nmdc:mga04781_2528	99.6	742	*	*	421	1163	1	743	*	*
nmdc:mga04781_281	nmdc:mga04781_2642	95	829	*	*	109	938	1	830	*	*
nmdc:mga04781_1504	nmdc:mga04781_2975	96.1	796	*	*	505	1301	1	797	*	*
nmdc:mga04781_2484	nmdc:mga04781_3262	95.8	768	*	*	128	896	1	769	*	*
nmdc:mga04781_571	nmdc:mga04781_3840	95.7	725	*	*	398	1123	1	726	*	*
nmdc:mga04781_492	nmdc:mga04781_1537	98.3	859	*	*	1	860	147	1006	*	*
nmdc:mga04781_21089	nmdc:mga04781_521	97.4	690	*	*	1	691	330	1020	*	*
nmdc:mga04781_8687	nmdc:mga04781_2546	98.5	833	*	*	107	940	9	842	*	*
nmdc:mga04781_7012	nmdc:mga04781_2021	96.4	737	*	*	334	1071	1	738	*	*
nmdc:mga04781_7787	nmdc:mga04781_2235	99.9	742	*	*	1	743	137	879	*	*
nmdc:mga04781_1957	nmdc:mga04781_1979	96.4	748	*	*	937	1685	1	749	*	*
nmdc:mga04781_4990	nmdc:mga04781_526	97.6	732	*	*	1	733	736	1468	*	*
nmdc:mga04781_100	nmdc:mga04781_3265	95.3	768	*	*	2830	3598	1	769	*	*
nmdc:mga04781_7370	nmdc:mga04781_4434	98.4	689	*	*	247	936	1	690	*	*
nmdc:mga04781_98	nmdc:mga04781_3945	95.9	718	*	*	278	996	1	719	*	*
nmdc:mga04781_4801	nmdc:mga04781_4047	97.7	711	*	*	223	934	1	712	*	*
nmdc:mga04781_4584	nmdc:mga04781_3241	99	770	*	*	105	875	1	771	*	*
nmdc:mga04781_20544	nmdc:mga04781_6	96.5	698	*	*	1	699	1744	2442	*	*
nmdc:mga04781_824	nmdc:mga04781_473	98.5	737	*	*	1530	2267	1	738	*	*
nmdc:mga04781_1009	nmdc:mga04781_4003	98.9	714	*	*	412	1126	1	715	*	*
nmdc:mga04781_20585	nmdc:mga04781_1465	96.3	697	*	*	1	698	69	766	*	*
nmdc:mga04781_2738	nmdc:mga04781_3253	98.4	769	*	*	555	1324	1	770	*	*
nmdc:mga04781_11581	nmdc:mga04781_2026	100	703	*	*	181	884	1	704	*	*
nmdc:mga04781_6917	nmdc:mga04781_1558	97.8	812	*	*	269	1081	6	818	*	*
nmdc:mga04781_13168	nmdc:mga04781_457	99.7	718	*	*	122	840	1	719	*	*
nmdc:mga04781_1144	nmdc:mga04781_587	96	786	*	*	1	787	627	1413	*	*
nmdc:mga04781_15266	nmdc:mga04781_524	96.1	708	*	*	83	791	1	709	*	*
nmdc:mga04781_4931	nmdc:mga04781_3352	97.4	761	*	*	387	1148	1	762	*	*
nmdc:mga04781_8701	nmdc:mga04781_1250	97.3	694	*	*	298	992	1	695	*	*
nmdc:mga04781_4518	nmdc:mga04781_3045	98.9	777	*	*	23	800	1	778	*	*
nmdc:mga04781_5718	nmdc:mga04781_3534	95	748	*	*	93	841	1	749	*	*
nmdc:mga04781_13062	nmdc:mga04781_1791	98.8	778	*	*	1	779	179	957	*	*
nmdc:mga04781_5324	nmdc:mga04781_921	99.2	785	*	*	399	1184	1	786	*	*
nmdc:mga04781_3631	nmdc:mga04781_2838	96.6	810	*	*	530	1340	1	811	*	*
nmdc:mga04781_9025	nmdc:mga04781_1605	98.6	745	*	*	233	978	1	746	*	*
nmdc:mga04781_1733	nmdc:mga04781_1531	96.2	947	*	*	801	1748	1	948	*	*
nmdc:mga04781_15551	nmdc:mga04781_2154	96.5	784	*	*	1	785	95	879	*	*
nmdc:mga04781_33	nmdc:mga04781_88	98.5	690	*	*	6110	6800	1	691	*	*
nmdc:mga04781_20257	nmdc:mga04781_389	97.1	702	*	*	1	703	838	1540	*	*
nmdc:mga04781_14559	nmdc:mga04781_1517	99.3	762	*	*	1	763	248	1010	*	*
nmdc:mga04781_4209	nmdc:mga04781_4638	97.7	678	*	*	249	927	1	679	*	*
nmdc:mga04781_21084	nmdc:mga04781_1115	97.7	689	*	*	1	690	310	999	*	*
nmdc:mga04781_1429	nmdc:mga04781_3648	99.3	718	*	*	1	719	23	741	*	*
nmdc:mga04781_4846	nmdc:mga04781_3215	96.9	692	*	*	1	693	81	773	*	*
nmdc:mga04781_17625	nmdc:mga04781_12	95.8	745	*	*	1	746	3497	4242	*	*
nmdc:mga04781_470	nmdc:mga04781_3868	95.9	723	*	*	1052	1775	1	724	*	*
nmdc:mga04781_22121	nmdc:mga04781_13	99.3	676	*	*	1	677	337	1013	*	*
nmdc:mga04781_17186	nmdc:mga04781_37	96.7	753	*	*	1	754	2616	3369	*	*
nmdc:mga04781_1780	nmdc:mga04781_4200	98.9	702	*	*	163	865	1	703	*	*
nmdc:mga04781_15795	nmdc:mga04781_651	95.3	700	*	*	1	701	668	1368	*	*
nmdc:mga04781_3414	nmdc:mga04781_3631	96.2	697	*	*	54	751	37	734	*	*
nmdc:mga04781_22327	nmdc:mga04781_1008	96.2	673	*	*	1	674	318	991	*	*
nmdc:mga04781_18516	nmdc:mga04781_43	96.9	729	*	*	1	730	159	888	*	*
nmdc:mga04781_7433	nmdc:mga04781_744	99.4	723	*	*	332	1055	1	724	*	*
nmdc:mga04781_1734	nmdc:mga04781_3324	99.9	763	*	*	461	1224	1	764	*	*
nmdc:mga04781_6479	nmdc:mga04781_968	99.4	699	*	*	1	700	492	1191	*	*
nmdc:mga04781_80	nmdc:mga04781_4566	97.2	682	*	*	1509	2191	1	683	*	*
nmdc:mga04781_2388	nmdc:mga04781_455	95.9	697	*	*	882	1579	1	698	*	*
nmdc:mga04781_1530	nmdc:mga04781_2219	95.4	723	*	*	1	724	158	881	*	*
nmdc:mga04781_1027	nmdc:mga04781_2004	97.9	722	*	*	1	723	193	915	*	*
nmdc:mga04781_18351	nmdc:mga04781_213	95.3	732	*	*	1	733	737	1469	*	*
nmdc:mga04781_9611	nmdc:mga04781_3993	97.6	715	*	*	171	886	1	716	*	*
nmdc:mga04781_5316	nmdc:mga04781_3371	97.4	760	*	*	340	1100	1	761	*	*
nmdc:mga04781_3888	nmdc:mga04781_3260	95.2	768	*	*	396	1164	1	769	*	*
nmdc:mga04781_3277	nmdc:mga04781_1417	98	734	*	*	1	735	289	1023	*	*
nmdc:mga04781_928	nmdc:mga04781_4593	99	680	*	*	1106	1786	1	681	*	*
nmdc:mga04781_16363	nmdc:mga04781_2384	98	767	*	*	1	768	65	832	*	*
nmdc:mga04781_4572	nmdc:mga04781_2326	95.1	693	*	*	1	694	177	870	*	*
nmdc:mga04781_5915	nmdc:mga04781_1107	97	694	*	*	1	695	442	1136	*	*
nmdc:mga04781_3187	nmdc:mga04781_4009	95.5	711	*	*	348	1059	3	714	*	*
nmdc:mga04781_3080	nmdc:mga04781_3256	95.1	769	*	*	426	1195	1	770	*	*
nmdc:mga04781_4492	nmdc:mga04781_124	99.2	752	*	*	509	1261	1	753	*	*
nmdc:mga04781_21675	nmdc:mga04781_346	96.6	682	*	*	1	683	459	1141	*	*
nmdc:mga04781_3014	nmdc:mga04781_1699	96.5	760	*	*	695	1455	1	761	*	*
nmdc:mga04781_8034	nmdc:mga04781_3227	99.1	755	*	*	268	1023	1	756	*	*
nmdc:mga04781_11343	nmdc:mga04781_2875	97.1	806	*	*	67	873	1	807	*	*
nmdc:mga04781_812	nmdc:mga04781_3828	95	726	*	*	241	967	1	727	*	*
nmdc:mga04781_20543	nmdc:mga04781_410	95.2	698	*	*	1	699	890	1588	*	*
nmdc:mga04781_14549	nmdc:mga04781_208	98.7	805	*	*	1	806	213	1018	*	*
nmdc:mga04781_7807	nmdc:mga04781_816	95.3	676	*	*	359	1035	1	677	*	*
nmdc:mga04781_1692	nmdc:mga04781_2213	95.3	676	*	*	1	677	206	882	*	*
nmdc:mga04781_19357	nmdc:mga04781_3460	98.2	715	*	*	1	716	25	740	*	*
nmdc:mga04781_3512	nmdc:mga04781_305	97.1	676	*	*	700	1376	1	677	*	*
nmdc:mga04781_22672	nmdc:mga04781_1095	97.1	669	*	*	1	670	276	945	*	*
nmdc:mga04781_18353	nmdc:mga04781_1190	95.4	688	*	*	45	733	115	803	*	*
nmdc:mga04781_17236	nmdc:mga04781_1439	96.4	723	*	*	1	724	307	1030	*	*
nmdc:mga04781_14663	nmdc:mga04781_866	99	803	*	*	1	804	162	965	*	*
nmdc:mga04781_32	nmdc:mga04781_4438	95.4	688	*	*	6270	6958	1	689	*	*
nmdc:mga04781_1819	nmdc:mga04781_3861	96.4	719	*	*	1003	1722	1	720	*	*
nmdc:mga04781_12648	nmdc:mga04781_4269	95.6	698	*	*	34	732	1	699	*	*
nmdc:mga04781_1051	nmdc:mga04781_3214	98.3	772	*	*	1137	1909	1	773	*	*
nmdc:mga04781_6656	nmdc:mga04781_399	99.9	766	*	*	1	767	867	1633	*	*
nmdc:mga04781_21232	nmdc:mga04781_1790	96	688	*	*	1	689	6	694	*	*
nmdc:mga04781_719	nmdc:mga04781_4372	96.8	692	*	*	391	1083	1	693	*	*
nmdc:mga04781_2475	nmdc:mga04781_243	95.6	882	*	*	1	883	1156	2038	*	*
nmdc:mga04781_5895	nmdc:mga04781_1248	98.9	709	*	*	435	1144	1	710	*	*
nmdc:mga04781_596	nmdc:mga04781_3437	95.3	755	*	*	1594	2349	1	756	*	*
nmdc:mga04781_4879	nmdc:mga04781_4455	98.9	688	*	*	255	943	1	689	*	*
nmdc:mga04781_5773	nmdc:mga04781_4266	95.6	698	*	*	393	1091	1	699	*	*
nmdc:mga04781_8364	nmdc:mga04781_165	98.9	658	*	*	1	659	1740	2398	*	*
nmdc:mga04781_21972	nmdc:mga04781_534	96.8	678	*	*	1	679	70	748	*	*
nmdc:mga04781_1801	nmdc:mga04781_3507	98.1	750	*	*	485	1235	1	751	*	*
nmdc:mga04781_5226	nmdc:mga04781_493	99.6	710	*	*	1	711	786	1496	*	*
nmdc:mga04781_21974	nmdc:mga04781_72	95.5	665	*	*	14	679	2367	3032	*	*
nmdc:mga04781_17184	nmdc:mga04781_416	98.6	753	*	*	1	754	90	843	*	*
nmdc:mga04781_2224	nmdc:mga04781_2437	95.7	823	*	*	36	859	31	854	*	*
nmdc:mga04781_453	nmdc:mga04781_3200	96.3	773	*	*	1958	2731	1	774	*	*
nmdc:mga04781_3802	nmdc:mga04781_3285	98.9	765	*	*	1	766	2	767	*	*
nmdc:mga04781_5571	nmdc:mga04781_2080	98	766	*	*	400	1166	1	767	*	*
nmdc:mga04781_7664	nmdc:mga04781_1165	95.4	914	*	*	1	915	198	1112	*	*
nmdc:mga04781_5106	nmdc:mga04781_1371	95.8	731	*	*	1	732	317	1048	*	*
nmdc:mga04781_518	nmdc:mga04781_112	98.5	668	*	*	1997	2665	1	669	*	*
nmdc:mga04781_20872	nmdc:mga04781_445	96.3	693	*	*	1	694	704	1397	*	*
nmdc:mga04781_20411	nmdc:mga04781_604	96.5	700	*	*	1	701	107	807	*	*
nmdc:mga04781_4834	nmdc:mga04781_2206	97.8	710	*	*	170	880	173	883	*	*
nmdc:mga04781_12856	nmdc:mga04781_2505	96.7	709	*	*	137	846	2	712	*	*
nmdc:mga04781_11712	nmdc:mga04781_2852	100	784	*	*	1	785	25	809	*	*
nmdc:mga04781_941	nmdc:mga04781_3026	96	789	*	*	246	1035	1	791	*	*
nmdc:mga04781_16666	nmdc:mga04781_1528	98	762	*	*	1	763	78	840	*	*
nmdc:mga04781_4373	nmdc:mga04781_2811	97	812	*	*	365	1177	1	813	*	*
nmdc:mga04781_1072	nmdc:mga04781_1161	97.7	652	*	*	1	653	463	1115	*	*
nmdc:mga04781_21409	nmdc:mga04781_1100	99.1	671	*	*	15	686	1	672	*	*
nmdc:mga04781_2368	nmdc:mga04781_4423	95	689	*	*	164	853	1	690	*	*
nmdc:mga04781_18747	nmdc:mga04781_234	98.4	725	*	*	1	726	883	1608	*	*
nmdc:mga04781_13769	nmdc:mga04781_1420	99.4	690	*	*	1	691	344	1034	*	*
nmdc:mga04781_13558	nmdc:mga04781_1963	97	828	*	*	1	829	27	855	*	*
nmdc:mga04781_4149	nmdc:mga04781_3274	99.5	767	*	*	104	871	1	768	*	*
nmdc:mga04781_1079	nmdc:mga04781_4960	99.1	662	*	*	1208	1870	1	663	*	*
nmdc:mga04781_7943	nmdc:mga04781_150	95.2	751	*	*	277	1028	1	752	*	*
nmdc:mga04781_11	nmdc:mga04781_2847	99.8	809	*	*	6393	7202	1	810	*	*
nmdc:mga04781_461	nmdc:mga04781_2034	97.5	909	*	*	240	1149	1	910	*	*
nmdc:mga04781_22259	nmdc:mga04781_477	97.5	674	*	*	1	675	742	1416	*	*
nmdc:mga04781_6233	nmdc:mga04781_148	96	766	*	*	1	767	1773	2539	*	*
nmdc:mga04781_659	nmdc:mga04781_4453	98.4	688	*	*	753	1441	1	689	*	*
nmdc:mga04781_14198	nmdc:mga04781_627	97.7	667	*	*	147	814	1	668	*	*
nmdc:mga04781_24291	nmdc:mga04781_2731	98.1	649	*	*	1	650	59	708	*	*
nmdc:mga04781_18568	nmdc:mga04781_1358	96.5	674	*	*	1	675	378	1052	*	*
nmdc:mga04781_19954	nmdc:mga04781_4275	95.8	687	*	*	20	707	1	688	*	*
nmdc:mga04781_11456	nmdc:mga04781_765	99.3	660	*	*	228	888	1	661	*	*
nmdc:mga04781_21816	nmdc:mga04781_32	95.9	680	*	*	1	681	3758	4438	*	*
nmdc:mga04781_4647	nmdc:mga04781_4472	97.9	660	*	*	1	661	28	688	*	*
nmdc:mga04781_5547	nmdc:mga04781_224	99.9	647	*	*	1	648	1462	2109	*	*
nmdc:mga04781_1725	nmdc:mga04781_727	97.7	962	*	*	1	963	362	1324	*	*
nmdc:mga04781_10763	nmdc:mga04781_3153	99.1	778	*	*	131	909	1	779	*	*
nmdc:mga04781_11248	nmdc:mga04781_1431	98.3	757	*	*	1	758	274	1031	*	*
nmdc:mga04781_21576	nmdc:mga04781_70	98.9	683	*	*	1	684	2040	2723	*	*
nmdc:mga04781_8857	nmdc:mga04781_4309	95.1	696	*	*	282	978	1	697	*	*
nmdc:mga04781_8442	nmdc:mga04781_2709	97.8	677	*	*	1	678	146	823	*	*
nmdc:mga04781_17275	nmdc:mga04781_56	95.6	751	*	*	1	752	408	1159	*	*
nmdc:mga04781_22333	nmdc:mga04781_1282	98.5	673	*	*	1	674	233	906	*	*
nmdc:mga04781_22258	nmdc:mga04781_133	99.6	674	*	*	1	675	1743	2417	*	*
nmdc:mga04781_5154	nmdc:mga04781_2014	97.8	890	*	*	1	891	21	911	*	*
nmdc:mga04781_5776	nmdc:mga04781_4452	97.9	688	*	*	339	1027	1	689	*	*
nmdc:mga04781_694	nmdc:mga04781_3703	97.6	724	*	*	630	1354	1	725	*	*
nmdc:mga04781_22755	nmdc:mga04781_5	98.3	668	*	*	1	669	8254	8922	*	*
nmdc:mga04781_18411	nmdc:mga04781_594	98	731	*	*	1	732	637	1368	*	*
nmdc:mga04781_10546	nmdc:mga04781_4327	95.4	695	*	*	79	774	1	696	*	*
nmdc:mga04781_16830	nmdc:mga04781_3682	95.7	685	*	*	73	758	1	686	*	*
nmdc:mga04781_17558	nmdc:mga04781_1283	100	744	*	*	1	745	333	1077	*	*
nmdc:mga04781_331	nmdc:mga04781_2845	100	809	*	*	2063	2872	1	810	*	*
nmdc:mga04781_20535	nmdc:mga04781_74	96.5	698	*	*	1	699	2144	2842	*	*
nmdc:mga04781_24902	nmdc:mga04781_30	99	642	*	*	1	643	3031	3673	*	*
nmdc:mga04781_1121	nmdc:mga04781_3724	98.5	733	*	*	313	1046	1	734	*	*
nmdc:mga04781_6914	nmdc:mga04781_797	97	855	*	*	227	1082	1	855	*	*
nmdc:mga04781_19188	nmdc:mga04781_1169	97	717	*	*	1	718	167	884	*	*
nmdc:mga04781_9414	nmdc:mga04781_3314	99.5	654	*	*	1	655	110	764	*	*
nmdc:mga04781_475	nmdc:mga04781_3100	99.1	685	*	*	2066	2751	1	686	*	*
nmdc:mga04781_2587	nmdc:mga04781_4849	96.3	667	*	*	530	1197	1	668	*	*
nmdc:mga04781_9536	nmdc:mga04781_2019	95.9	726	*	*	1	727	187	913	*	*
nmdc:mga04781_10789	nmdc:mga04781_1346	99.8	652	*	*	1	653	403	1055	*	*
nmdc:mga04781_8357	nmdc:mga04781_3793	99.2	725	*	*	102	827	1	726	*	*
nmdc:mga04781_13636	nmdc:mga04781_3577	96.7	639	*	*	188	827	1	640	*	*
nmdc:mga04781_17554	nmdc:mga04781_757	99.2	746	*	*	1	747	266	1012	*	*
nmdc:mga04781_3485	nmdc:mga04781_3748	95	650	*	*	729	1379	1	651	*	*
nmdc:mga04781_4283	nmdc:mga04781_4582	96	681	*	*	484	1165	1	682	*	*
nmdc:mga04781_14531	nmdc:mga04781_602	99.6	805	*	*	1	806	140	945	*	*
nmdc:mga04781_21293	nmdc:mga04781_543	95.2	687	*	*	1	688	351	1038	*	*
nmdc:mga04781_1476	nmdc:mga04781_4737	99.4	673	*	*	131	804	1	674	*	*
nmdc:mga04781_1266	nmdc:mga04781_5020	98.3	660	*	*	440	1100	1	661	*	*
nmdc:mga04781_14077	nmdc:mga04781_4494	96.1	674	*	*	143	817	1	675	*	*
nmdc:mga04781_8929	nmdc:mga04781_1828	95	684	*	*	1	685	262	946	*	*
nmdc:mga04781_21390	nmdc:mga04781_555	95.4	686	*	*	1	687	668	1354	*	*
nmdc:mga04781_19958	nmdc:mga04781_410	98.9	706	*	*	1	707	310	1016	*	*
nmdc:mga04781_2310	nmdc:mga04781_752	95.1	1303	*	*	201	1504	1	1304	*	*
nmdc:mga04781_22335	nmdc:mga04781_119	98.9	647	*	*	27	674	1	648	*	*
nmdc:mga04781_20254	nmdc:mga04781_429	97	646	*	*	57	703	1	647	*	*
nmdc:mga04781_1657	nmdc:mga04781_4564	99	682	*	*	516	1198	1	683	*	*
nmdc:mga04781_2830	nmdc:mga04781_5617	95.1	634	*	*	30	664	1	635	*	*
nmdc:mga04781_17781	nmdc:mga04781_449	96.8	727	*	*	1	728	835	1564	*	*
nmdc:mga04781_18352	nmdc:mga04781_148	96	732	*	*	1	733	663	1395	*	*
nmdc:mga04781_12310	nmdc:mga04781_2324	99.9	655	*	*	1	656	215	870	*	*
nmdc:mga04781_722	nmdc:mga04781_5659	97.8	632	*	*	1446	2078	1	633	*	*
nmdc:mga04781_7666	nmdc:mga04781_2654	97.2	729	*	*	314	1043	1	728	*	*
nmdc:mga04781_7888	nmdc:mga04781_1644	99	684	*	*	347	1031	1	686	*	*
nmdc:mga04781_1554	nmdc:mga04781_766	95.8	1126	*	*	1	1127	171	1296	*	*
nmdc:mga04781_21468	nmdc:mga04781_1745	96	685	*	*	1	686	88	773	*	*
nmdc:mga04781_16256	nmdc:mga04781_2459	96.7	670	*	*	1	671	181	851	*	*
nmdc:mga04781_571	nmdc:mga04781_5042	97.2	659	*	*	1650	2309	1	660	*	*
nmdc:mga04781_5393	nmdc:mga04781_5118	95.5	630	*	*	1	631	27	657	*	*
nmdc:mga04781_52	nmdc:mga04781_4817	98	669	*	*	4674	5343	1	670	*	*
nmdc:mga04781_23461	nmdc:mga04781_595	95.5	659	*	*	1	660	165	824	*	*
nmdc:mga04781_19433	nmdc:mga04781_4836	99.8	655	*	*	1	656	14	669	*	*
nmdc:mga04781_1820	nmdc:mga04781_2181	97.9	887	*	*	141	1028	1	888	*	*
nmdc:mga04781_11730	nmdc:mga04781_2555	95.8	726	*	*	153	879	4	730	*	*
nmdc:mga04781_3237	nmdc:mga04781_2058	97.6	905	*	*	115	1020	1	906	*	*
nmdc:mga04781_2	nmdc:mga04781_4061	95.2	710	*	*	31415	32125	1	711	*	*
nmdc:mga04781_19713	nmdc:mga04781_133	95.9	710	*	*	1	711	555	1265	*	*
nmdc:mga04781_14420	nmdc:mga04781_1405	95.1	700	*	*	1	701	337	1037	*	*
nmdc:mga04781_24636	nmdc:mga04781_331	97.1	645	*	*	1	646	61	706	*	*
nmdc:mga04781_590	nmdc:mga04781_4503	98.6	685	*	*	1686	2371	1	686	*	*
nmdc:mga04781_25537	nmdc:mga04781_1092	97.2	635	*	*	1	636	188	823	*	*
nmdc:mga04781_7089	nmdc:mga04781_5107	97.4	651	*	*	1	652	6	657	*	*
nmdc:mga04781_14	nmdc:mga04781_1763	96.9	960	*	*	3193	4153	1	963	*	*
nmdc:mga04781_8654	nmdc:mga04781_822	98.9	743	*	*	251	994	1	745	*	*
nmdc:mga04781_6879	nmdc:mga04781_4883	99.9	666	*	*	225	891	1	667	*	*
nmdc:mga04781_3795	nmdc:mga04781_2204	97.2	704	*	*	1	705	179	883	*	*
nmdc:mga04781_2843	nmdc:mga04781_392	96.4	923	*	*	1	924	735	1656	*	*
nmdc:mga04781_15119	nmdc:mga04781_2047	98.3	789	*	*	5	794	95	884	*	*
nmdc:mga04781_156	nmdc:mga04781_2781	98.8	637	*	*	3388	4025	1	638	*	*
nmdc:mga04781_24638	nmdc:mga04781_33	98	645	*	*	1	646	827	1472	*	*
nmdc:mga04781_21003	nmdc:mga04781_1882	96.8	683	*	*	1	684	1	684	*	*
nmdc:mga04781_21235	nmdc:mga04781_463	97.5	688	*	*	1	689	518	1206	*	*
nmdc:mga04781_21471	nmdc:mga04781_379	95.7	685	*	*	1	686	524	1209	*	*
nmdc:mga04781_8280	nmdc:mga04781_2255	96.3	747	*	*	264	1011	1	748	*	*
nmdc:mga04781_8108	nmdc:mga04781_5003	95.8	660	*	*	88	748	1	661	*	*
nmdc:mga04781_610	nmdc:mga04781_4594	99.5	680	*	*	446	1126	1	681	*	*
nmdc:mga04781_14417	nmdc:mga04781_2683	97.8	803	*	*	1	804	22	825	*	*
nmdc:mga04781_7485	nmdc:mga04781_1904	96.7	653	*	*	399	1052	1	654	*	*
nmdc:mga04781_18194	nmdc:mga04781_2104	96.4	669	*	*	1	670	229	898	*	*
nmdc:mga04781_1939	nmdc:mga04781_4795	98.8	670	*	*	411	1081	1	671	*	*
nmdc:mga04781_2476	nmdc:mga04781_3006	97.8	658	*	*	897	1555	1	659	*	*
nmdc:mga04781_6445	nmdc:mga04781_189	97.8	704	*	*	2	706	1590	2294	*	*
nmdc:mga04781_8007	nmdc:mga04781_18	98.2	1024	*	*	1	1025	249	1273	*	*
nmdc:mga04781_21605	nmdc:mga04781_4	99.9	683	*	*	1	684	5781	6464	*	*
nmdc:mga04781_21531	nmdc:mga04781_2806	98.9	684	*	*	1	685	86	770	*	*
nmdc:mga04781_9449	nmdc:mga04781_2580	98.8	836	*	*	50	886	1	837	*	*
nmdc:mga04781_19771	nmdc:mga04781_612	95.7	709	*	*	1	710	585	1294	*	*
nmdc:mga04781_5549	nmdc:mga04781_4760	96.8	671	*	*	196	867	1	672	*	*
nmdc:mga04781_4314	nmdc:mga04781_5418	99.6	643	*	*	402	1045	1	644	*	*
nmdc:mga04781_8642	nmdc:mga04781_1512	97.5	653	*	*	1	654	358	1011	*	*
nmdc:mga04781_27167	nmdc:mga04781_1141	95.1	618	*	*	1	619	245	863	*	*
nmdc:mga04781_9890	nmdc:mga04781_4785	97.2	670	*	*	29	699	1	671	*	*
nmdc:mga04781_896	nmdc:mga04781_1036	95.1	753	*	*	1	754	411	1164	*	*
nmdc:mga04781_12316	nmdc:mga04781_5288	95	642	*	*	213	855	1	643	*	*
nmdc:mga04781_27268	nmdc:mga04781_207	99.4	617	*	*	1	618	1343	1960	*	*
nmdc:mga04781_23820	nmdc:mga04781_221	99.8	655	*	*	1	656	7	662	*	*
nmdc:mga04781_16393	nmdc:mga04781_2404	99.5	641	*	*	127	768	2	643	*	*
nmdc:mga04781_2188	nmdc:mga04781_4346	99.3	694	*	*	128	822	1	695	*	*
nmdc:mga04781_17536	nmdc:mga04781_968	95.6	616	*	*	96	712	1	617	*	*
nmdc:mga04781_20740	nmdc:mga04781_1687	96.1	695	*	*	1	696	276	971	*	*
nmdc:mga04781_3547	nmdc:mga04781_4909	98.5	664	*	*	222	886	1	665	*	*
nmdc:mga04781_148	nmdc:mga04781_1267	98.3	1029	*	*	1	1030	50	1079	*	*
nmdc:mga04781_616	nmdc:mga04781_4990	95.4	661	*	*	1815	2476	1	662	*	*
nmdc:mga04781_1208	nmdc:mga04781_2761	98	815	*	*	213	1028	3	818	*	*
nmdc:mga04781_2574	nmdc:mga04781_5172	99.8	653	*	*	675	1328	1	654	*	*
nmdc:mga04781_7061	nmdc:mga04781_2050	95.6	672	*	*	3	675	236	908	*	*
nmdc:mga04781_12273	nmdc:mga04781_4006	97.6	714	*	*	32	746	1	715	*	*
nmdc:mga04781_26329	nmdc:mga04781_2783	99.7	614	*	*	1	615	202	816	*	*
nmdc:mga04781_22831	nmdc:mga04781_4	97.2	667	*	*	1	668	1205	1872	*	*
nmdc:mga04781_22334	nmdc:mga04781_664	97	673	*	*	1	674	213	886	*	*
nmdc:mga04781_22575	nmdc:mga04781_1309	96.8	670	*	*	1	671	280	950	*	*
nmdc:mga04781_5273	nmdc:mga04781_4409	97.9	690	*	*	499	1189	1	691	*	*
nmdc:mga04781_20103	nmdc:mga04781_144	95.5	638	*	*	67	705	1	639	*	*
nmdc:mga04781_21677	nmdc:mga04781_1597	98.3	681	*	*	1	682	267	948	*	*
nmdc:mga04781_8008	nmdc:mga04781_484	99	663	*	*	1	664	847	1510	*	*
nmdc:mga04781_5152	nmdc:mga04781_3251	95.8	765	*	*	224	989	5	770	*	*
nmdc:mga04781_16834	nmdc:mga04781_5520	97.5	624	*	*	136	760	1	625	*	*
nmdc:mga04781_7580	nmdc:mga04781_1223	95.7	683	*	*	1	684	411	1094	*	*
nmdc:mga04781_12161	nmdc:mga04781_896	98.5	676	*	*	1	677	553	1229	*	*
nmdc:mga04781_21159	nmdc:mga04781_3594	97.4	635	*	*	55	690	1	636	*	*
nmdc:mga04781_22410	nmdc:mga04781_3881	96	652	*	*	1	653	71	723	*	*
nmdc:mga04781_3628	nmdc:mga04781_2941	98.6	735	*	*	1	736	66	801	*	*
nmdc:mga04781_342	nmdc:mga04781_1727	96.7	655	*	*	2396	3051	4	659	*	*
nmdc:mga04781_8218	nmdc:mga04781_4875	97.7	633	*	*	381	1014	1	634	*	*
nmdc:mga04781_26191	nmdc:mga04781_58	98	628	*	*	1	629	1382	2010	*	*
nmdc:mga04781_25741	nmdc:mga04781_399	98.8	633	*	*	1	634	418	1051	*	*
nmdc:mga04781_16199	nmdc:mga04781_513	95.2	609	*	*	163	772	1	610	*	*
nmdc:mga04781_17904	nmdc:mga04781_1501	98.2	669	*	*	1	670	343	1013	*	*
nmdc:mga04781_3878	nmdc:mga04781_4683	95.8	672	*	*	525	1197	5	677	*	*
nmdc:mga04781_2107	nmdc:mga04781_5926	98.6	622	*	*	864	1486	1	623	*	*
nmdc:mga04781_21233	nmdc:mga04781_632	96.3	688	*	*	1	689	536	1224	*	*
nmdc:mga04781_4305	nmdc:mga04781_3749	95.4	731	*	*	144	875	1	732	*	*
nmdc:mga04781_4412	nmdc:mga04781_6331	98.6	607	*	*	335	942	1	608	*	*
nmdc:mga04781_4266	nmdc:mga04781_3604	98.8	742	*	*	490	1232	1	743	*	*
nmdc:mga04781_7394	nmdc:mga04781_1222	95.8	605	*	*	1	606	490	1095	*	*
nmdc:mga04781_16938	nmdc:mga04781_1468	96	698	*	*	1	699	324	1022	*	*
nmdc:mga04781_26066	nmdc:mga04781_1388	95.6	629	*	*	1	630	411	1040	*	*
nmdc:mga04781_20695	nmdc:mga04781_2135	96.6	695	*	*	1	696	74	769	*	*
nmdc:mga04781_22906	nmdc:mga04781_178	98.3	630	*	*	1	631	1328	1958	*	*
nmdc:mga04781_243	nmdc:mga04781_3438	97.3	629	*	*	2813	3442	1	630	*	*
nmdc:mga04781_17720	nmdc:mga04781_605	96.1	743	*	*	1	744	120	863	*	*
nmdc:mga04781_21002	nmdc:mga04781_315	95.2	691	*	*	1	692	477	1168	*	*
nmdc:mga04781_14784	nmdc:mga04781_438	99.2	800	*	*	1	801	560	1360	*	*
nmdc:mga04781_2738	nmdc:mga04781_3185	97.3	686	*	*	1	687	90	776	*	*
nmdc:mga04781_18022	nmdc:mga04781_1864	95.2	657	*	*	1	658	286	943	*	*
nmdc:mga04781_17438	nmdc:mga04781_251	96.6	744	*	*	1	745	398	1142	*	*
nmdc:mga04781_8056	nmdc:mga04781_4529	96.7	684	*	*	261	945	1	685	*	*
nmdc:mga04781_7147	nmdc:mga04781_1269	96.2	671	*	*	398	1069	1	672	*	*
nmdc:mga04781_4832	nmdc:mga04781_6148	96	614	*	*	195	809	1	615	*	*
nmdc:mga04781_21091	nmdc:mga04781_637	96.4	690	*	*	1	691	396	1086	*	*
nmdc:mga04781_1584	nmdc:mga04781_3638	96.5	740	*	*	271	1011	1	741	*	*
nmdc:mga04781_201	nmdc:mga04781_5737	99.5	629	*	*	2054	2683	1	630	*	*
nmdc:mga04781_6858	nmdc:mga04781_2725	98.8	653	*	*	432	1085	1	654	*	*
nmdc:mga04781_7486	nmdc:mga04781_1174	95.5	625	*	*	1	626	484	1109	*	*
nmdc:mga04781_854	nmdc:mga04781_2643	98.8	705	*	*	1	706	124	829	*	*
nmdc:mga04781_1035	nmdc:mga04781_5227	97.1	650	*	*	945	1595	1	651	*	*
nmdc:mga04781_11546	nmdc:mga04781_1225	96.1	674	*	*	211	885	1	675	*	*
nmdc:mga04781_18192	nmdc:mga04781_2307	95	735	*	*	1	736	24	759	*	*
nmdc:mga04781_19170	nmdc:mga04781_6525	95.1	600	*	*	90	690	1	601	*	*
nmdc:mga04781_17061	nmdc:mga04781_35	96.2	662	*	*	1	663	4315	4977	*	*
nmdc:mga04781_24726	nmdc:mga04781_1855	96.1	640	*	*	5	645	243	883	*	*
nmdc:mga04781_28022	nmdc:mga04781_80	96.5	609	*	*	1	610	814	1423	*	*
nmdc:mga04781_21603	nmdc:mga04781_1679	99.6	597	*	*	1	598	381	978	*	*
nmdc:mga04781_11587	nmdc:mga04781_2099	99.7	839	*	*	44	883	1	840	*	*
nmdc:mga04781_24900	nmdc:mga04781_149	97.5	642	*	*	1	643	1189	1831	*	*
nmdc:mga04781_2759	nmdc:mga04781_1507	95.8	677	*	*	1	678	335	1012	*	*
nmdc:mga04781_25538	nmdc:mga04781_1056	95.9	635	*	*	1	636	353	988	*	*
nmdc:mga04781_3502	nmdc:mga04781_5709	95.9	620	*	*	757	1377	1	621	*	*
nmdc:mga04781_7431	nmdc:mga04781_1394	97.5	870	*	*	1	871	171	1041	*	*
nmdc:mga04781_8401	nmdc:mga04781_4487	95.4	658	*	*	1	659	27	685	*	*
nmdc:mga04781_9954	nmdc:mga04781_890	99	796	*	*	144	940	1	796	*	*
nmdc:mga04781_2796	nmdc:mga04781_2859	97.9	632	*	*	861	1493	1	633	*	*
nmdc:mga04781_21388	nmdc:mga04781_134	99.9	686	*	*	1	687	983	1669	*	*
nmdc:mga04781_25231	nmdc:mga04781_317	99.4	610	*	*	1	611	1202	1812	*	*
nmdc:mga04781_29457	nmdc:mga04781_5	98.5	595	*	*	1	596	7785	8380	*	*
nmdc:mga04781_816	nmdc:mga04781_196	95.5	990	*	*	1	991	1282	2272	*	*
nmdc:mga04781_2164	nmdc:mga04781_2497	95.8	840	*	*	728	1568	1	841	*	*
nmdc:mga04781_15282	nmdc:mga04781_2382	96.7	701	*	*	1	702	161	862	*	*
nmdc:mga04781_16691	nmdc:mga04781_6695	100	594	*	*	3	597	1	595	*	*
nmdc:mga04781_21747	nmdc:mga04781_606	99.6	613	*	*	3	616	787	1400	*	*
nmdc:mga04781_28282	nmdc:mga04781_126	97.7	607	*	*	1	608	742	1349	*	*
nmdc:mga04781_8470	nmdc:mga04781_6044	96.2	618	*	*	15	633	1	619	*	*
nmdc:mga04781_352	nmdc:mga04781_3254	99.7	769	*	*	717	1486	1	770	*	*
nmdc:mga04781_9242	nmdc:mga04781_2912	98.8	637	*	*	1	638	167	804	*	*
nmdc:mga04781_1444	nmdc:mga04781_5609	99.6	630	*	*	561	1191	1	631	*	*
nmdc:mga04781_3816	nmdc:mga04781_289	98.3	604	*	*	1	605	1272	1876	*	*
nmdc:mga04781_8279	nmdc:mga04781_3673	95.1	680	*	*	1	681	59	739	*	*
nmdc:mga04781_8730	nmdc:mga04781_1547	95.4	760	*	*	230	990	1	761	*	*
nmdc:mga04781_16494	nmdc:mga04781_3813	99.8	614	*	*	152	766	1	615	*	*
nmdc:mga04781_29336	nmdc:mga04781_5807	99.5	592	*	*	1	593	30	622	*	*
nmdc:mga04781_13054	nmdc:mga04781_3705	97.3	606	*	*	237	843	1	607	*	*
nmdc:mga04781_11177	nmdc:mga04781_4868	99	666	*	*	230	896	1	667	*	*
nmdc:mga04781_528	nmdc:mga04781_4018	96	713	*	*	848	1561	1	714	*	*
nmdc:mga04781_20677	nmdc:mga04781_1423	96.5	663	*	*	1	664	372	1035	*	*
nmdc:mga04781_28478	nmdc:mga04781_166	97.7	605	*	*	1	606	192	797	*	*
nmdc:mga04781_8402	nmdc:mga04781_594	95.9	757	*	*	249	1006	1	758	*	*
nmdc:mga04781_3128	nmdc:mga04781_5685	97.7	631	*	*	799	1430	1	632	*	*
nmdc:mga04781_9312	nmdc:mga04781_4188	96.7	615	*	*	1	616	89	704	*	*
nmdc:mga04781_488	nmdc:mga04781_4194	97.6	703	*	*	1726	2429	1	704	*	*
nmdc:mga04781_18914	nmdc:mga04781_10	99	722	*	*	1	723	286	1008	*	*
nmdc:mga04781_2836	nmdc:mga04781_4037	97.2	711	*	*	724	1435	1	712	*	*
nmdc:mga04781_16079	nmdc:mga04781_3041	96.4	675	*	*	1	676	112	787	*	*
nmdc:mga04781_27533	nmdc:mga04781_1744	99.7	614	*	*	1	615	34	648	*	*
